ID_INVENTARIO,RUC,RAZON_SOCIAL,NOMBRE_COMERCIAL,DIRECCION_ESTABLECIMIENTO,UBIGEO,CODIGO_DEPARTAMENTO,DEPARTAMENTO,CODIGO_PROVINCIA,PROVINCIA,CODIGO_DISTRITO,DISTRITO,REPRESENTANTE_LEGAL,TELEFONO,WEB,CORREO_ELECTRONICO,CLASE,CATEGORIA,CONSTANCIA_CERTIFICADO,FECHA_EXPEDIENTE,HABITACIONES,CAMAS,CAMAS_POR_HABITACION,ESTADO,FECHA_CORTE
EST-00001,20601127467,PPF INVERSIONES E.I.R.L.,TROPICAL BREEZE SUITES,CAR. IIRSA NORTE,220909,22,SAN MARTIN,09,SAN MARTIN,09,LA BANDA DE SHILCAYO,6173AEB7B506,942680894,NO REGISTRADO,AAVA310@GMAIL.COM,NO REGISTRADO,NO REGISTRADO,NO REGISTRADO,20990101,6,12,2,ACTIVO,20260609
EST-00002,20601853460,TREVALSAN E.I.R.L,HOSPEDAJE HATUM WASI,JR. SANTA ROSA 595,220901,22,SAN MARTIN,09,SAN MARTIN,01,TARAPOTO,A9E787FCE406,942995557,NO REGISTRADO,NO REGISTRADO,NO REGISTRADO,NO REGISTRADO,NO REGISTRADO,20990101,9,9,1,ACTIVO,20260609
EST-00003,10011066548,PAUCAR LOZANO EDITH,HOSPEDAJE LA POSADA DEL MIRADOR,JR. NICOLAS DE PIEROLA 381,220901,22,SAN MARTIN,09,SAN MARTIN,01,TARAPOTO,B3D281DCA503,508778,NO REGISTRADO,PALO_EDITH@HOTMAIL.COM,NO REGISTRADO,NO REGISTRADO,NO REGISTRADO,20990101,23,33,1.4,ACTIVO,20260609
EST-00004,10448262681,AMASIFUEN AMASIFUEN RICARDO,HOSPEDAJE SECRETOS,PJ. LA PAZ 118,220901,22,SAN MARTIN,09,SAN MARTIN,01,TARAPOTO,2B7AA97A4EA6,529590,NO REGISTRADO,NO REGISTRADO,NO REGISTRADO,NO REGISTRADO,NO REGISTRADO,20990101,20,23,1.2,ACTIVO,20260609
EST-00005,10010663674,MELENDEZ PEZO JORGE TEODORO,ALOJAMIENTO SANTA MILENA,JR. PEDRO DE URZUA 451,220901,22,SAN MARTIN,09,SAN MARTIN,01,TARAPOTO,820112C3053F,522901,NO REGISTRADO,NO REGISTRADO,NO REGISTRADO,NO REGISTRADO,NO REGISTRADO,20990101,14,16,1.1,ACTIVO,20260609
EST-00006,10086117024,ROMERO ACUNA WALTER,FINCA ALEMANA,JR. TULUMAYO,220901,22,SAN MARTIN,09,SAN MARTIN,01,TARAPOTO,E63518EAD109,956204637,NO REGISTRADO,NO REGISTRADO,NO REGISTRADO,NO REGISTRADO,NO REGISTRADO,20990101,8,16,2,ACTIVO,20260609
EST-00007,10011568322,FLORES TANCHIVA AYDE,PLAZA HOSPEDAJE,JR. SAN MARTIN 789,220501,22,SAN MARTIN,05,LAMAS,01,LAMAS,1DEE7CF92AD7,500051,NO REGISTRADO,NO REGISTRADO,NO REGISTRADO,NO REGISTRADO,NO REGISTRADO,20990101,12,12,1,ACTIVO,20260609
EST-00008,10715013814,CORREA LOZANO NELSER AROL,RESIDENCIAL SAN FRANCISCO,JR. AUGUSTO B. LEGUIA 314,220901,22,SAN MARTIN,09,SAN MARTIN,01,TARAPOTO,1BC6896219B2,959035580,NO REGISTRADO,GM_INGA24@GMAIL.COM,NO REGISTRADO,NO REGISTRADO,NO REGISTRADO,20990101,6,6,1,ACTIVO,20260609
EST-00009,10010756648,VALLES RENGIFO VICTOR HUGO,ALOJAMIENTO PROGRESO,JR. PROGRESO 691,220901,22,SAN MARTIN,09,SAN MARTIN,01,TARAPOTO,EE46CABB60BA,523535,NO REGISTRADO,NO REGISTRADO,NO REGISTRADO,NO REGISTRADO,NO REGISTRADO,20990101,15,15,1,ACTIVO,20260609
EST-00010,10078805019,PLATZER MUHLIG ANITA MARITZA,COLIBRI BACKPACKER,JR. GREGORIO DELGADO 374,220901,22,SAN MARTIN,09,SAN MARTIN,01,TARAPOTO,8D67C7AE6D39,527798,WWW.BACKPACKERCOLIBRI.COM,COLIBRI.TARAPOTO@GMAIL.COM,NO REGISTRADO,NO REGISTRADO,NO REGISTRADO,20990101,6,6,1,ACTIVO,20260609
EST-00011,20494160596,INVERSIONES TURISTICAS MONTE VERDE E.I.R.L,HUASAI WASI ECOLODGE,CAR. AUCALOMA,220912,22,SAN MARTIN,09,SAN MARTIN,12,SAN ANTONIO,32E720808FBF,042630716,WWW.HUASAIWASIECOLOGE.COM.PE,NO REGISTRADO,NO REGISTRADO,NO REGISTRADO,113-22.09-01,20180124,12,24,2,ACTIVO,20260609
EST-00012,10443397570,DEL AGUILA SAAVEDRA CESAR AUGUSTO,ALOJAMIENTO COSTA FLORIDA,JR. EDGAR NELSON GIL RIOS,220909,22,SAN MARTIN,09,SAN MARTIN,09,LA BANDA DE SHILCAYO,5FA01CEB8E60,969915034,NO REGISTRADO,NO REGISTRADO,NO REGISTRADO,NO REGISTRADO,NO REGISTRADO,20990101,7,14,2,ACTIVO,20260609
EST-00013,20600534913,ALOJAMIENTO EROS S.R.L.,ALOJAMIENTO EROS,JR. ATUMPAMPA 202,220910,22,SAN MARTIN,09,SAN MARTIN,10,MORALES,BCD405B95E6F,942821955,NO REGISTRADO,NO REGISTRADO,NO REGISTRADO,NO REGISTRADO,NO REGISTRADO,20990101,12,12,1,ACTIVO,20260609
EST-00014,10470226850,PINCHI TAPULLIMA DIOMAR,HOSPEDAJE MILENIO,JR. LIMA 269,220901,22,SAN MARTIN,09,SAN MARTIN,01,TARAPOTO,6EEC5164D4FA,976663351,NO REGISTRADO,NO REGISTRADO,NO REGISTRADO,NO REGISTRADO,NO REGISTRADO,20990101,10,16,1.6,ACTIVO,20260609
EST-00015,10009490588,LINARES HERRERA CARLOS BLANDO,HOSPEDAJE FLOR DE BELEN,JR. CIRCUMBALACION CUMBAZA,220910,22,SAN MARTIN,09,SAN MARTIN,10,MORALES,511DBAB401DA,942994940,NO REGISTRADO,NO REGISTRADO,NO REGISTRADO,NO REGISTRADO,NO REGISTRADO,20990101,6,6,1,ACTIVO,20260609
EST-00016,20601838223,HOME YUNTAWASI BACKPACKERS PERU E.I.R.L.,YUNTAWASI HOSTEL,JR. TOMAS VILLACORTA 228,220901,22,SAN MARTIN,09,SAN MARTIN,01,TARAPOTO,FB3976E4BADB,586145,WWW.TODOPERU.NET,KAOGUSHI@TODOPERU.NET,NO REGISTRADO,NO REGISTRADO,NO REGISTRADO,20990101,7,14,2,ACTIVO,20260609
EST-00017,20531282036,HAMPICHICUY E.I.R.L,ECOALOJAMIENTO HAMPICHICUY,JR. PRIMERO DE ABRIL 772,220901,22,SAN MARTIN,09,SAN MARTIN,01,TARAPOTO,FBDCC6195A2D,528014,WWW.HAMPICHICUY@TERRA.COM.PE,NO REGISTRADO,NO REGISTRADO,NO REGISTRADO,NO REGISTRADO,20990101,6,12,2,ACTIVO,20260609
EST-00018,10428076309,MORI GARCIA INDIRA,ALOJAMIENTO DON LUCHO,JR. ABANCAY 380,220901,22,SAN MARTIN,09,SAN MARTIN,01,TARAPOTO,E314BF221574,999689922,NO REGISTRADO,NO REGISTRADO,NO REGISTRADO,NO REGISTRADO,NO REGISTRADO,20990101,21,24,1.1,ACTIVO,20260609
EST-00019,10412224464,MORI GARCIA KARINA,ALOJAMIENTO LOS ANGELES,JR. LOS ANGELES 680,220901,22,SAN MARTIN,09,SAN MARTIN,01,TARAPOTO,C9C1757C56A5,999420842,NO REGISTRADO,NO REGISTRADO,NO REGISTRADO,NO REGISTRADO,NO REGISTRADO,20990101,18,20,1.1,ACTIVO,20260609
EST-00020,20605101128,TURISMO Y VIAJES EL CHARAPITA E.I.R.L,HOSPEDAJE MEDIA LUNA,JR. ALONSO DE ALVARADO 745,220901,22,SAN MARTIN,09,SAN MARTIN,01,TARAPOTO,96AF4D04255D,975276387,NO REGISTRADO,SARITAHUAMANDIAZ93@GMAIL.COM,NO REGISTRADO,NO REGISTRADO,NO REGISTRADO,20990101,10,6,0.6,ACTIVO,20260609
EST-00021,10011331691,PEREZ DEL AGUILA DAVID,PURMA SUITES,CAR. MAYO PAMPA,220910,22,SAN MARTIN,09,SAN MARTIN,10,MORALES,9B2A1512B5F6,931520267,NO REGISTRADO,NO REGISTRADO,NO REGISTRADO,NO REGISTRADO,NO REGISTRADO,20990101,6,0,0,ACTIVO,20260609
EST-00022,10010634267,LOZANO RIOS JAVIER SUCESION INDIVISA,ALOJAMIENTO EL AGUAJAL,JR. COLON 215,220901,22,SAN MARTIN,09,SAN MARTIN,01,TARAPOTO,6F3C1FC8FFF2,958918255,NO REGISTRADO,NO REGISTRADO,NO REGISTRADO,NO REGISTRADO,NO REGISTRADO,20990101,8,8,1,ACTIVO,20260609
EST-00023,20604688885,LA CASA DEL ITALIANO E.I.R.L,LA CASA DEL ITALIANO,JR. RECREO 784,220909,22,SAN MARTIN,09,SAN MARTIN,09,LA BANDA DE SHILCAYO,B4883EB9AD54,982852927,NO REGISTRADO,LACASADELITALIANO@HOTMAIL.COM,NO REGISTRADO,NO REGISTRADO,CONSTANCIA N° 007-2026-GRSM/DIRCETUR-SM,20260323,7,12,1.7,ACTIVO,20260609
EST-00024,20601425743,GRUPO TURISTICO SAUCE S.A.C.,QASIKAY SELVA LODGE,JR. HUALLAGA C-1,220913,22,SAN MARTIN,09,SAN MARTIN,13,SAUCE,9BC14F41197E,932880252,NO REGISTRADO,QASIKAYLODGE@GMAIL.COM,NO REGISTRADO,NO REGISTRADO,CONSTANCIA N° 003-2026-GRSM-DIRCETUR-SM,20260206,11,24,2.2,ACTIVO,20260609
EST-00025,20610176322,MALON S.A.C.,EL RESORT DE YANASHPA,JR. SECTOR YANASHPA LT 74,220507,22,SAN MARTIN,05,LAMAS,07,RUMISAPA,1DA9BEB01D05,904239800,NO REGISTRADO,LEGAL@GREENDREAMS.PE,NO REGISTRADO,NO REGISTRADO,CONSTANCIA N° 010-2025-GRSM-DIRCETUR-SM,20251114,7,17,2.4,ACTIVO,20260609
EST-00026,20603092911,INVERSIONES Y SERVICIOS MUSUQ WAYRA S.A.C.,ALOJAMIENTO ALTAMIRA,JR. RICARDO PALMA 109,220901,22,SAN MARTIN,09,SAN MARTIN,01,TARAPOTO,C0131CEC0446,941306826,NO REGISTRADO,NO REGISTRADO,NO REGISTRADO,NO REGISTRADO,CONSTANCIA N° 006-2026-GRSM-DIRCETUR-SM,20260302,15,28,1.9,ACTIVO,20260609
EST-00027,10093857513,REATEGUI GARCIA MARCO TULIO,ALOJAMIENTO TURISTICO EL MIRADOR,JR. SAN PABLO DE LA CRUZ 517,220901,22,SAN MARTIN,09,SAN MARTIN,01,TARAPOTO,3F88C3BC3D70,950132227,NO REGISTRADO,MARCOREATEGUI@HOTMAIL.COM,NO REGISTRADO,NO REGISTRADO,CONSTANCIA N° 005-2026-GRSM-DIRCETUR-SM,20260220,13,25,1.9,ACTIVO,20260609
EST-00028,20216733828,HOSTAL CAPRICORNIO E I R LTDA,CAPRICORNIO INN & SUITES,JR. EDUARDO PENA MEZA 1185,220601,22,SAN MARTIN,06,MARISCAL CACERES,01,JUANJUI,730ED26E232B,925186984,NO REGISTRADO,CAPRIHOST@YAHOO.COM,NO REGISTRADO,NO REGISTRADO,004-2026,20260209,18,35,1.9,ACTIVO,20260609
EST-00029,20450438601,AMAZON RESORTS S.A.C.,EL SAUCE RESORT,AV. LETICIA MZ 50 LT1,220913,22,SAN MARTIN,09,SAN MARTIN,13,SAUCE,B53A524AC0C3,989214500,NO REGISTRADO,AMAZONRESORT@GMAIL.COM,NO REGISTRADO,NO REGISTRADO,CERTIFICADO N°004-2025-GRSM/DIRCETUR-SM,20250327,32,32,1,ACTIVO,20260609
EST-00030,20609419793,INVERSIONES DIAZ CORDOVA E.I.R.L,MORRO CALZADA,JR. JOSE DE SAN MARTIN CON DAMIAN NAJAR,220101,22,SAN MARTIN,01,MOYOBAMBA,01,MOYOBAMBA,E5FF90A5D2E3,42353879,NO REGISTRADO,INGENIEROJULIODIAZ@GMAIL.COM,NO REGISTRADO,NO REGISTRADO,002-2026,20260113,14,26,1.9,ACTIVO,20260609
EST-00031,10011120062,DIAZ TORRES CARLOS TOMAS,ALOJAMIENTO UNO MAS UNO,JR. MOYOBAMBA 700,220910,22,SAN MARTIN,09,SAN MARTIN,10,MORALES,2D42918316AE,942621879,NO REGISTRADO,CTDT060555@HOTMAIL.COM,NO REGISTRADO,NO REGISTRADO,CERTIFICADO N°001-2026-GRSM/DIRCETUR-SM,20260107,8,8,1,ACTIVO,20260609
EST-00032,10782050937,MEJIA ARBILDO TIFANY CARMEN,HOSPEDAJE ALMENDRAS SUITES,CAR. MAYOPAMPA C-3,220910,22,SAN MARTIN,09,SAN MARTIN,10,MORALES,D6BF11F22CC9,964732950,NO REGISTRADO,HSALMENDRASSUITES@GMAIL.COM,NO REGISTRADO,NO REGISTRADO,CONSTANCIA N°012-2025-GRSM/DIRCETUR-SM,20251219,9,14,1.6,ACTIVO,20260609
EST-00033,10056133025,LAKI LAVI ESPERANZA,HOSPEDAJE TSUNODA,JR. GREGORIO DELGADO 261 BARRIO COMERCIO,220901,22,SAN MARTIN,09,SAN MARTIN,01,TARAPOTO,1CFB68EBB5AB,954451370,NO REGISTRADO,INVERSIONESKINYA@HOTMAIL.COM,NO REGISTRADO,NO REGISTRADO,CONSTANCIA N°011-2025-GRSM-DSRCETUR-SM,20251119,18,26,1.4,ACTIVO,20260609
EST-00034,10008297661,GUERRERO SANCHEZ DORCAS,GUERRERO,JR. 25 DE MAYO 314 B,220101,22,SAN MARTIN,01,MOYOBAMBA,01,MOYOBAMBA,CF74BB863F95,971370342,WWW.HOSPEDAJEGUERRERO.COM,DORCASGUESA@GMAIL.COM,NO REGISTRADO,NO REGISTRADO,002-2024,20240212,13,13,1,ACTIVO,20260609
EST-00035,10003608234,DELGADO HISBIS ROSA AMALIA,VIRGEN DEL CISNE,JR. VENCEDORES DE COMAINAS 427 BARRIO HUAYCO,220901,22,SAN MARTIN,09,SAN MARTIN,01,TARAPOTO,FA41C07E5104,942407050,NO REGISTRADO,DELGADOHISBISROSAAMALIA@GMAIL.COM,NO REGISTRADO,NO REGISTRADO,CONSTANCIA N°009-2025-GRSM-DSRCETUR-BM,20250907,9,9,1,ACTIVO,20260609
EST-00036,10468951407,CUBAS AGUILAR LADY ELIZABETH,HOSPEDAJE VILLA,JR. LIMA 921 BARRIO COMERCIO,220901,22,SAN MARTIN,09,SAN MARTIN,01,TARAPOTO,DBE71DDAE2BC,940161767,NO REGISTRADO,NO REGISTRADO,NO REGISTRADO,NO REGISTRADO,CONSTANCIA N°008-2025-GRSM-DSRCETUR-BM,20250929,8,15,1.9,ACTIVO,20260609
EST-00037,10008332920,MENDOZA CUIPAL MERCEDES,RESIDENCIAL KANATARI,JR. SAN CARLOS 664,220101,22,SAN MARTIN,01,MOYOBAMBA,01,MOYOBAMBA,1E04096F23DF,954670006,NO REGISTRADO,NO REGISTRADO,NO REGISTRADO,NO REGISTRADO,007-2025,20250915,17,17,1,ACTIVO,20260609
EST-00038,10405555374,GUEVARA RUIZ CELIA,SACHA HOSPEDAJE,PRLG SANTA ROSA S/N,220101,22,SAN MARTIN,01,MOYOBAMBA,01,MOYOBAMBA,AE0DB5428812,995823054,NO REGISTRADO,SACHAHOSPEDAJE1@GMAIL.COM,NO REGISTRADO,NO REGISTRADO,006-2024,20241108,13,13,1,ACTIVO,20260609
EST-00039,10470226850,PINCHI TAPULLIMA DIOMAR,HOSPEDAJE RIO VERDE,JR. ALFONSO UGARTE 315 BARRIO COMERCIO,220901,22,SAN MARTIN,09,SAN MARTIN,01,TARAPOTO,2771F388B5FE,970146948,NO REGISTRADO,NO REGISTRADO,NO REGISTRADO,NO REGISTRADO,CONSTANCIA N°049-2018-GRSM-DSRCETUR-BM,20180413,11,11,1,ACTIVO,20260609
EST-00040,10092228857,MATTOS GONZALES CARMEN SABINA,OPEN HOUSE CASA HOSPEDAJE,AV. SALAVERRY 469,220910,22,SAN MARTIN,09,SAN MARTIN,10,MORALES,2A7556FCF12A,42587929,WWW.OPENHOUSE.COM,NO REGISTRADO,NO REGISTRADO,NO REGISTRADO,CONSTANCIA N°070-2018-GRSM-DSRCETUR-BM,20180621,9,9,1,ACTIVO,20260609
EST-00041,20601743605,HOSTAL JAZMIN INN,HOSPEDAJE JAZMIN INN,JR. LIMA 260,220910,22,SAN MARTIN,09,SAN MARTIN,10,MORALES,1E8E510534CF,42585787,NO REGISTRADO,NO REGISTRADO,NO REGISTRADO,NO REGISTRADO,CONSTANCIA N°016-2019-GRSM-DSRCETUR-BM,20190826,12,12,1,ACTIVO,20260609
EST-00042,20612413801,CASA HOSPEDAJE EL BOMBONAJE S.A.C.,BOMBONAJE HOSPEDAJE,JR. LAGUNA AZUL C1 CENTRO POBLADO 08 DE JULIO,220913,22,SAN MARTIN,09,SAN MARTIN,13,SAUCE,8F6E5EB0C450,995847944,NO REGISTRADO,NANCY.RCH18@GMAIL.COM,NO REGISTRADO,NO REGISTRADO,CONSTANCIA N°006-2025-GRSM/DIRCETUR-SM.,20250909,8,8,1,ACTIVO,20260609
EST-00043,17362390770,MORI RIOS TELMITA,HOSPEDAJE EL AGUAJAL,JR. COLON 215 BARRIO ATUMPAMPA,220901,22,SAN MARTIN,09,SAN MARTIN,01,TARAPOTO,730182F24B15,42340767,NO REGISTRADO,HOSPEDAJEAGUAJAL@GMAIL.COM,NO REGISTRADO,NO REGISTRADO,CONSTANCIA N°005-2025-GRSM-DIRCETUR-SM,20250909,11,11,1,ACTIVO,20260609
EST-00044,10443397570,DEL AGUILA SAAVEDRA CESAR AUGUSTO,COSTA FLORIDA,JR. MOYOBAMBA 758,220910,22,SAN MARTIN,09,SAN MARTIN,10,MORALES,7B1BDE48507E,42588399,NO REGISTRADO,NO REGISTRADO,NO REGISTRADO,NO REGISTRADO,NO REGISTRADO,20990101,17,34,2,ACTIVO,20260609
EST-00045,20602018467,RESIDENCIAL EL AMIGO E.I.R.L.,RESIDENCIAL EL AMIGO,JR. COLON 520,220901,22,SAN MARTIN,09,SAN MARTIN,01,TARAPOTO,5394E26E61CB,999999999,NO REGISTRADO,NO REGISTRADO,NO REGISTRADO,NO REGISTRADO,CONSTANCIA N°039-2018-GRSM-DIRCETUR-BM,20180313,0,0,0,ACTIVO,20260609
EST-00046,10068002511,TUESTA CHAVEZ JULISSA TATIANA,HOSPEDAJE VALLE VERDE,JR. BENAVIDES 295,220101,22,SAN MARTIN,01,MOYOBAMBA,01,MOYOBAMBA,6A789FFCAD0A,942487202,NO REGISTRADO,LUPIRO2@HOTMAIL.COM,NO REGISTRADO,NO REGISTRADO,001-2025,20250110,17,17,1,ACTIVO,20260609
EST-00047,10008374622,MARRUFO CORONEL ALFREDO,HOSPEDAJE EL PARAISO,AV. LA MARGINAL PACAYZAPA,220502,22,SAN MARTIN,05,LAMAS,02,ALONSO DE ALVARADO,E7FD66E0256C,910785702,NO REGISTRADO,NO REGISTRADO,NO REGISTRADO,NO REGISTRADO,CONSTANCIA N°053-2018-GRSM-DSRCETUR-BM,20180420,6,6,1,ACTIVO,20260609
EST-00048,20612502618,TAKI SERVICIOS S.A.C.,TAKI TAMBO LODGE,JR. PROLONGACION ALERTA 442 BARRIO SUCHICHE,220901,22,SAN MARTIN,09,SAN MARTIN,01,TARAPOTO,94B33ABADE1B,992431940,WWW.TAKITAMBO.COM,GERENCIA@TAKITAMBO.COM,NO REGISTRADO,NO REGISTRADO,CONSTANCIA Nº 003-2025-GRSM/DIRCETUR-SM,20250218,12,24,2,ACTIVO,20260609
EST-00049,20613538900,GRUPO ONIRICA S.A.C.,FUNDO ONIRICA,CAR. LA UNION KM 01 CASERIO LA UNION,220909,22,SAN MARTIN,09,SAN MARTIN,09,LA BANDA DE SHILCAYO,F5685125919A,965947073,NO REGISTRADO,ITALA.SANCHEZ.VEGA@GMAIL.COM,NO REGISTRADO,NO REGISTRADO,CONSTANCIA Nº 002-2025-GRSM/DIRCETUR-SM,20250203,8,12,1.5,ACTIVO,20260609
EST-00050,20450438601,AMAZON RESORTS S.A.C.,EL SAUCE,JR. LETICIA S/N,220913,22,SAN MARTIN,09,SAN MARTIN,13,SAUCE,B53A524AC0C3,989214500,WWW.ELSAUCERESORT.COM,AMAZONRESORT@GMAIL.COM,NO REGISTRADO,NO REGISTRADO,051-2010,20100407,34,68,2,ACTIVO,20260609
EST-00051,20605540318,SUCHICHE PARK E.I.R.L.,SUCHICHE PARK,JR. ALEGRIA ARIAS DE MOREY 485 BARRIO SUCHICHE,220901,22,SAN MARTIN,09,SAN MARTIN,01,TARAPOTO,DB6B2027FAA1,987864671,NO REGISTRADO,SUCHICHEPARK@HOTMAIL.COM,NO REGISTRADO,NO REGISTRADO,007-2024,20241119,15,30,2,ACTIVO,20260609
EST-00052,20612094579,SACHAKUNA S.A.C.,SACHAKUNA RESORT & RETREATS,VIA PREDIO RURAL S/N SECTOR EL VALLE,220913,22,SAN MARTIN,09,SAN MARTIN,13,SAUCE,9AF16C06F1F0,914714245,WWW.SACHAKUNA.COM,IRIS.ROJAS@SACHAKUNA.COM,NO REGISTRADO,NO REGISTRADO,005-2024,20241108,10,20,2,ACTIVO,20260609
EST-00053,20601097541,CORPORACION VITTMAR S.A.C.,CASA BOSQUE,AV. CIRCUNVALACION 2449,220901,22,SAN MARTIN,09,SAN MARTIN,01,TARAPOTO,5894DA811EE9,425234,WWW.CASABOSQUE.PE,RAFAEL.VITTERI@CASABOSQUE.PE,NO REGISTRADO,NO REGISTRADO,087-2018,20181227,34,70,2.1,ACTIVO,20260609
EST-00054,20494172098,TIERRAMITICA SOCIEDAD ANONIMA CERRADA,PUEBLO COLORADO,CAR. PROGRESO KM. 8,220511,22,SAN MARTIN,05,LAMAS,11,ZAPATERO,B9A579725D57,950709706,NO REGISTRADO,CONTACTO@PUEBLO-COLORADO.COM,NO REGISTRADO,NO REGISTRADO,004-2024,20240814,6,21,3.5,ACTIVO,20260609
EST-00055,20603239475,KASUA AMAZON INVESTMENTS S.A.C.,KASUA AMAZON LODGE,JR. 20 DE ABRIL S/N,220101,22,SAN MARTIN,01,MOYOBAMBA,01,MOYOBAMBA,5E5A53B6A75A,942926933,NO REGISTRADO,KASUAMAZONLODGE@GMAIL.COM,NO REGISTRADO,NO REGISTRADO,001-2023-GRSM/DIRCETUR-SM,20230217,6,6,1,ACTIVO,20260609
EST-00056,20605445251,ALLIMA WASI S.A.C.,CASTILLO DE TARAPOTO ALLIMA WASI,JR. COLON 137 BARRIO LOS JARDINES,220901,22,SAN MARTIN,09,SAN MARTIN,01,TARAPOTO,33B3F03BC47E,42782905,WWW.CASTILLOTARAPOTO.COM,CASTILLODETARAPOTO@GMAIL.COM,NO REGISTRADO,NO REGISTRADO,002-2020,20200113,13,22,1.7,ACTIVO,20260609
EST-00057,20604931615,MILLONARIOS TRAVEL E.I.R.L.,BREST AMAZON TARAPOTO,JR. JUAN VARGAS 453 BARRIO HUAYCO,220901,22,SAN MARTIN,09,SAN MARTIN,01,TARAPOTO,E8E60C955306,42527270,WWW.BRESTAMAZON.COM,MILLONARIOSTRAVEL@GMAIL.COM,NO REGISTRADO,NO REGISTRADO,004-2020,20200814,34,72,2.1,ACTIVO,20260609
EST-00058,20603120451,INVERSIONES MILIAN TARAPOTO E.I.R.L.,GREEN LAND ECO HOSPEDAJE,JR. ANTONIO RAYMONDI 131,220901,22,SAN MARTIN,09,SAN MARTIN,01,TARAPOTO,19F2419815E1,984782762,NO REGISTRADO,GREENLAND.HOSPEDAJE.TARAPOTO@GMAIL.COM,NO REGISTRADO,NO REGISTRADO,061-2018,20180528,8,20,2.5,ACTIVO,20260609
EST-00059,20602902821,HOSTAL SANTA MONICA E.I.R.L.,ALOJAMIENTO SANTA MONICA,JR. ALFONSO UGARTE 566,220901,22,SAN MARTIN,09,SAN MARTIN,01,TARAPOTO,0853F1A72659,945539093,NO REGISTRADO,NO REGISTRADO,NO REGISTRADO,NO REGISTRADO,042-2018,20180323,27,54,2,ACTIVO,20260609
EST-00060,10726457293,MORAYRA ALEJO JIAN CARLO JOAN,HOSPEDAJE LA MANSION,JR. MAYNAS 286 BARRIO CERCADO,220901,22,SAN MARTIN,09,SAN MARTIN,01,TARAPOTO,959CFDC9FF1E,923993105,NO REGISTRADO,JIAN@GENBBY.COM,NO REGISTRADO,NO REGISTRADO,010-2021,20211115,40,80,2,ACTIVO,20260609
EST-00061,20542259541,INDUSTRIAS DORADO ORIENTE S.A.C.,DREAM PALACE,JR. ANGEL DELGADO MOREY 446,220901,22,SAN MARTIN,09,SAN MARTIN,01,TARAPOTO,648F2C1A7B77,958060752,NO REGISTRADO,NO REGISTRADO,NO REGISTRADO,NO REGISTRADO,077-2018,20180813,11,23,2.1,ACTIVO,20260609
EST-00062,20494155240,INVERSIONES JUAN PABLO PERU SAC,HOSPEDAJE JP,JR. RAMON CASTILLA 912,220901,22,SAN MARTIN,09,SAN MARTIN,01,TARAPOTO,C3FFAA4DBED0,971247773,NO REGISTRADO,MISHA141055@HOTMAIL.COM,NO REGISTRADO,NO REGISTRADO,019-2018,20180131,29,60,2.1,ACTIVO,20260609
EST-00063,20528402101,LA POSADA DEL APU EIRL,LA POSADA DEL APU,AV. VIA DE EVITAMIENTO 705 BARRIO LOS JARDINES,220901,22,SAN MARTIN,09,SAN MARTIN,01,TARAPOTO,7298ED09459E,991082861,NO REGISTRADO,HOTEL.LAPOSADADELAPU.TARAPOTO@GMAIL.COM,NO REGISTRADO,NO REGISTRADO,018-2019,20190912,26,37,1.4,ACTIVO,20260609
EST-00064,15572277027,DELGADO CABRERA JOSE MANUEL,INDIOS BACKPAKERS,JR. PEDRO DE URZUA 455,220901,22,SAN MARTIN,09,SAN MARTIN,01,TARAPOTO,EF81FE5C13ED,942925936,NO REGISTRADO,NO REGISTRADO,NO REGISTRADO,NO REGISTRADO,068-2018,20180621,6,9,1.5,ACTIVO,20260609
EST-00065,10478719898,CHAVEZ BARBOZA FRANZ,HOSPEDAJE CHAVEZ,JR. MIRAFLORES 591 BARRIO HUAYCO,220901,22,SAN MARTIN,09,SAN MARTIN,01,TARAPOTO,F9C056586F53,942650430,NO REGISTRADO,EJECUTIVO77@HOTMAIL.COM,NO REGISTRADO,NO REGISTRADO,069-2018,20180621,12,13,1.1,ACTIVO,20260609
EST-00066,10453157925,RODRIGUEZ OCAMPO CRISTALI,ALOJAMENTO EL PAISA,JR. MARTIN DE LA RIVA 272,220901,22,SAN MARTIN,09,SAN MARTIN,01,TARAPOTO,0CAD5A5C4459,966320519,NO REGISTRADO,NO REGISTRADO,NO REGISTRADO,NO REGISTRADO,033-2018,20180209,17,22,1.3,ACTIVO,20260609
EST-00067,10088863246,REATEGUI RIOS JOSE ENRIQUE,HOSPEDAJE VISTA REAL,JR. ALFONSO UGARTE 222,220901,22,SAN MARTIN,09,SAN MARTIN,01,TARAPOTO,1025CC3973BB,929478693,NO REGISTRADO,VISTAREALHOSPEDAJE@GMAIL.COM,NO REGISTRADO,NO REGISTRADO,005-2019,20190514,7,10,1.4,ACTIVO,20260609
EST-00068,10011231557,BETETA TORRES JESSICA,HOSPEDAJE JESSICA,JR. LIMA 837,220901,22,SAN MARTIN,09,SAN MARTIN,01,TARAPOTO,353F098A5134,964958670,NO REGISTRADO,NO REGISTRADO,NO REGISTRADO,NO REGISTRADO,048-2018,20180413,17,17,1,ACTIVO,20260609
EST-00069,10424310471,PERALTA TRIGOSO MARLITH,EMPERAL,JR. TUPAC AMARU 443,220910,22,SAN MARTIN,09,SAN MARTIN,10,MORALES,B615C56C6ECC,969565218,NO REGISTRADO,PERALTATRIGOSOMARLITH27@GMAIL.COM,NO REGISTRADO,NO REGISTRADO,009-2021,20211104,14,14,1,ACTIVO,20260609
EST-00070,10455942522,SANCHEZ JIMENEZ IVAN ANDREY,EL SECRETO,JR. ATUMPAMPA 333,220910,22,SAN MARTIN,09,SAN MARTIN,10,MORALES,25F470F651BA,949984637,NO REGISTRADO,NO REGISTRADO,NO REGISTRADO,NO REGISTRADO,051-2018,20180413,6,12,2,ACTIVO,20260609
EST-00071,10075487563,LOPEZ CACERES PERCY ERNESTO,HOSPEDAJE VIKINGO NIGHT INN,JR. LOS TULIPANES S/N SECTOR LA PLANICIE,220910,22,SAN MARTIN,09,SAN MARTIN,10,MORALES,B5ADBD39FB26,42631040,NO REGISTRADO,NO REGISTRADO,NO REGISTRADO,NO REGISTRADO,007-2018,20180129,6,12,2,ACTIVO,20260609
EST-00072,10011202573,LEVEAU GARCIA LIBIA,D´CALIDA ALOJAMIENTO,JR. LIBERTAD 263,220901,22,SAN MARTIN,09,SAN MARTIN,01,TARAPOTO,3020E9CF71C9,994537442,NO REGISTRADO,DCALIDA_ALOJAMIENTO@HOTMAIL.COM,NO REGISTRADO,NO REGISTRADO,006-2018,20180129,15,30,2,ACTIVO,20260609
EST-00073,10010409549,PENA PENA DE MONSALVE LINDAURA,MORALES BEACH ALOJAMIENTO,JR. ALFONSO UGARTE 247,220910,22,SAN MARTIN,09,SAN MARTIN,10,MORALES,E202E6AB756D,942065035,NO REGISTRADO,JEI.MONSALVE@GMAIL.COM,NO REGISTRADO,NO REGISTRADO,013-2019,20190709,40,55,1.4,ACTIVO,20260609
EST-00074,20603951850,GRUPO DELSA PERU SAC,COLMENA SUITES & SPA,JR. MALECON CUMBAZA CDRA. 02,220910,22,SAN MARTIN,09,SAN MARTIN,10,MORALES,B9CFAB992F05,941501872,NO REGISTRADO,NO REGISTRADO,NO REGISTRADO,NO REGISTRADO,001-2019,20190305,6,12,2,ACTIVO,20260609
EST-00075,20603685327,HORSUM & BUND PERU INVESTMENTS S.A.C.,COLINA DE MONTALVA,JR. LOS MARTIREZ CDRA. 3,220910,22,SAN MARTIN,09,SAN MARTIN,10,MORALES,B8C153DD241A,934564576,WWW.COLINADEMONTALVAHOTEL.COM,RESERVAS@COLINADEMONTALVA.COM,NO REGISTRADO,NO REGISTRADO,019-2019,20191021,14,32,2.3,ACTIVO,20260609
EST-00076,15473018079,CHILENO CABALLERO FLORIANO JAVIER,HOSPEDAJE AMASHCA,JR. LOS CEDROS S/N,220910,22,SAN MARTIN,09,SAN MARTIN,10,MORALES,9015D6C4ECDE,942876725,NO REGISTRADO,JAVIER110598@HOTMAIL.COM,NO REGISTRADO,NO REGISTRADO,006-2016,20160826,10,20,2,ACTIVO,20260609
EST-00077,10444804586,DAVILA HUANCA JEMYN ROCIO,HOSPEDAJE AMORARCA WASI,JR. VIA UNIVERSITARIA 125,220910,22,SAN MARTIN,09,SAN MARTIN,10,MORALES,F54EA268C181,982328296,NO REGISTRADO,JEMYNRDH@GMAIL.COM,NO REGISTRADO,NO REGISTRADO,003-2019,20190320,6,12,2,ACTIVO,20260609
EST-00078,10435335000,DIAZ DELGADO WILCER,PALMAS DEL CARIBE,JR. ALFONSO UGARTE 821,220910,22,SAN MARTIN,09,SAN MARTIN,10,MORALES,94999031EB01,42587278,WWW.HOTELPALMASDELCARIBE.COM,HOTELPALMASDELCARIBE@HOTMAIL.COM,NO REGISTRADO,NO REGISTRADO,002-2019,20190306,25,29,1.2,ACTIVO,20260609
EST-00079,10425699933,MAS BECERRA MARLON,HOSPEDAJE MAS,JR. CALLAO S/N,220910,22,SAN MARTIN,09,SAN MARTIN,10,MORALES,F7FF9A0E95DC,999999999,NO REGISTRADO,MARLONMASBECERRA@HOTMAIL.COM,NO REGISTRADO,NO REGISTRADO,044-2018,20180404,15,30,2,ACTIVO,20260609
EST-00080,10414483939,CASIQUE ROJAS RICHARD ALFONSO,DUBAI SUITES,JR. ATUMPAMPA CDRA.5,220910,22,SAN MARTIN,09,SAN MARTIN,10,MORALES,51031DB321C0,957200936,WWW.DUBAISUITES.PE,TARAPOTO.DUBAI@GMAIL.COM,NO REGISTRADO,NO REGISTRADO,022-2017,20170628,15,30,2,ACTIVO,20260609
EST-00081,10336768735,QUIROZ DELGADO NANCY,HOSPEDAJE RESIDENCIAL PLAZA,JR. SARGENTO LORES 115,220910,22,SAN MARTIN,09,SAN MARTIN,10,MORALES,EFAB45130F25,42530609,WWW.RESIDENCIALPLAZAMORALES.COM,RESIDENCIALPLAZAMORALES@GMAIL.COM,NO REGISTRADO,NO REGISTRADO,074-2018,20180625,20,36,1.8,ACTIVO,20260609
EST-00082,10011472767,DEL AGUILA AREVALO VICTOR,ALOJAMIENTO TROPICAL SUITES,PJ. LOS PINOS S/N SECTOR ACHUAL,220910,22,SAN MARTIN,09,SAN MARTIN,10,MORALES,A35DC7C54A75,954652465,NO REGISTRADO,NO REGISTRADO,NO REGISTRADO,NO REGISTRADO,043-2018,20180404,9,18,2,ACTIVO,20260609
EST-00083,10010927493,SALAS AREVALO MERLECIT,HOSPEDAJE LA RAMADA,CAR. MARGINAL NORTE K-04 SECTOR RAMADA,220910,22,SAN MARTIN,09,SAN MARTIN,10,MORALES,3D7431DB66F6,42601080,NO REGISTRADO,LARAMADA006@GMAIL.COM,NO REGISTRADO,NO REGISTRADO,CONSTANCIA N°063-2018-GRSM-DSRCETUR-BM,20180605,16,32,2,ACTIVO,20260609
EST-00084,10070377425,RODRIGUEZ TYNAN ARMANDO DANIEL,TAMBO ILISION,JR. AGUAJALES 604,220909,22,SAN MARTIN,09,SAN MARTIN,09,LA BANDA DE SHILCAYO,7325C35B566A,942754466,WWW.TAMBOILUSION.COM,INFO@TAMBOILUSION.COM,NO REGISTRADO,NO REGISTRADO,046-2018,20180411,6,12,2,ACTIVO,20260609
EST-00085,20604975531,GURUTRAVEL E.I.R.L.,GURU HOSPEDAJE,JR. SINCHI ROCA 221,220909,22,SAN MARTIN,09,SAN MARTIN,09,LA BANDA DE SHILCAYO,E7D669E93A73,978420513,NO REGISTRADO,NO REGISTRADO,NO REGISTRADO,NO REGISTRADO,020-2019,20191022,12,24,2,ACTIVO,20260609
EST-00086,20602987524,HOSTAL POR AHI NO SOCIEDAD ANONIM A CERRADA - HOSTAL POR AHI NO S.A.C.,ALOJAMIENTO POR AHI NO,CAR. MARGINAL SUR 110,220909,22,SAN MARTIN,09,SAN MARTIN,09,LA BANDA DE SHILCAYO,E1DC15528B93,942052088,NO REGISTRADO,ZAMIR.VISOZA@HOTMAIL.COM,NO REGISTRADO,NO REGISTRADO,085-2018,20181218,12,24,2,ACTIVO,20260609
EST-00087,20450487130,INVERSIONES ROCA VARELA S.A.C.,HACIENDA DON VICENTE,JR. SAN JUAN S/N,220909,22,SAN MARTIN,09,SAN MARTIN,09,LA BANDA DE SHILCAYO,CB71922A9229,998402789,NO REGISTRADO,HACIENDADONVICENTE1@GMAIL.COM,NO REGISTRADO,NO REGISTRADO,018-2018,20180131,6,11,1.8,ACTIVO,20260609
EST-00088,10009069874,PANDURO REATEGUI ANA,RESIDENCIAL RIO,JR. PRIMERO DE ABRIL 629,220909,22,SAN MARTIN,09,SAN MARTIN,09,LA BANDA DE SHILCAYO,7D9E41161D77,957639114,NO REGISTRADO,RESIDENCIALRIO@GMAIL.COM,NO REGISTRADO,NO REGISTRADO,002-2016,20160118,0,0,0,ACTIVO,20260609
EST-00089,20601882249,BRISA DEL HUALLAGA DE PICOTA E.I.R.L.,RESIDENCIAL BRISAS DEL HUALLAGA,JR. FRANCISCO BOLOGNESI 106,220701,22,SAN MARTIN,07,PICOTA,01,PICOTA,454FC70869AD,953601987,NO REGISTRADO,RA22389@HOTMAIL.COM,NO REGISTRADO,NO REGISTRADO,008-2017,20170303,14,19,1.4,ACTIVO,20260609
EST-00090,10736374884,GARCIA TUESTA LESLY ALEJANDRA,ALOJAMIENTO BERNITA,JR. BOLOGNESI 587,220701,22,SAN MARTIN,07,PICOTA,01,PICOTA,8A173286EC4C,942441530,NO REGISTRADO,GARCIADJ1717@GMAIL.COM,NO REGISTRADO,NO REGISTRADO,009-2019,20190628,9,12,1.3,ACTIVO,20260609
EST-00091,10009519195,PANDURO PEREZ EDGAR,ALOJAMIENTO LOS JARDINES,JR. SAN MARTIN 1725 BARRIO ANCOHALLO,220501,22,SAN MARTIN,05,LAMAS,01,LAMAS,1CB35384B1B6,951638535,NO REGISTRADO,EDGARPP4@GMAIL.COM,NO REGISTRADO,NO REGISTRADO,011-2020,20201126,15,30,2,ACTIVO,20260609
EST-00092,10009027578,CORAL DE PINEDO TEODORA,HOSPEDAJE RESIDENCIAL PINEDO,JR. SAN MARTIN 498,220501,22,SAN MARTIN,05,LAMAS,01,LAMAS,32CAA0CE477B,42543177,NO REGISTRADO,GENOVEVAPINEDO@GMAIL.COM,NO REGISTRADO,NO REGISTRADO,264-2013,20131017,11,13,1.2,ACTIVO,20260609
EST-00093,10009013038,PANDURO DIAZ MARIO,ALOJAMIENTO ELVIS,JR. SAN MARTIN 945 BARRIO LA PLAZA,220501,22,SAN MARTIN,05,LAMAS,01,LAMAS,CCA20F0A3606,42543215,NO REGISTRADO,NO REGISTRADO,NO REGISTRADO,NO REGISTRADO,096-2012,20120327,17,33,1.9,ACTIVO,20260609
EST-00094,10009023734,AMASIFUEN SANGAMA FELICITAS,HOSPEDAJE GABY MABEL,JR. MARCOS MORI RIOS 705,220501,22,SAN MARTIN,05,LAMAS,01,LAMAS,A65F8AFC9A54,42543830,NO REGISTRADO,NO REGISTRADO,NO REGISTRADO,NO REGISTRADO,141-2014,20140610,12,16,1.3,ACTIVO,20260609
EST-00095,20542369991,INVERSIONES CEGUR E.I.R.L.,LAMAS SUITES,JR. EL INKA 147,220501,22,SAN MARTIN,05,LAMAS,01,LAMAS,9D50D92B4A38,990321142,NO REGISTRADO,CEGURO-EDITORES@YAHOO.ES,NO REGISTRADO,NO REGISTRADO,151-2014,20140703,6,12,2,ACTIVO,20260609
EST-00096,10009038821,ZEGARRA DE SAAVEDRA MARIA DOLORES,ALOJAMIENTO CAFE RESTAURANT EL ABUELO FELIPE,JR. SAN MARTIN 1027 BARRIO LA PLAZA,220501,22,SAN MARTIN,05,LAMAS,01,LAMAS,3C64CD2E59E1,543451,NO REGISTRADO,NO REGISTRADO,NO REGISTRADO,NO REGISTRADO,163-2012,20121023,7,12,1.7,ACTIVO,20260609
EST-00097,10099069746,REATEGUI SANCHEZ EMERSON,HOSPEDAJE EL PRIMER PISO,JR. SAN MARTIN S/N,220501,22,SAN MARTIN,05,LAMAS,01,LAMAS,FB34CE1515B7,947010274,NO REGISTRADO,NO REGISTRADO,NO REGISTRADO,NO REGISTRADO,093-2012,20120327,6,12,2,ACTIVO,20260609
EST-00098,20601439434,ASOCIACION DE GESTION TURISTICA DE CHIRIYACU - AGT CHIRIYACU ASOCACION,AGT - CHIRICYAKU,JR. COMUNIDAD NATIVA CHIRICYAKU S/N COMUNIDAD NATIVA CHIRICYAKU - ALTO CUMBAZA,220508,22,SAN MARTIN,05,LAMAS,08,SAN ROQUE DE CUMBAZA,7373E17EB2DB,974810555,NO REGISTRADO,NO REGISTRADO,NO REGISTRADO,NO REGISTRADO,059-2018,20180523,6,12,2,ACTIVO,20260609
EST-00099,20600065115,CHIRAPA MANTA S.A.C.,CHIRAPA MANTA,JR. LA BANDA DE SAN ROQUE S/N,220508,22,SAN MARTIN,05,LAMAS,08,SAN ROQUE DE CUMBAZA,E34918835A16,963756234,WWW.CHIRAPAMANTA.COM,CHIRAPAMANTA@GMAIL.COM,NO REGISTRADO,NO REGISTRADO,030-2017,20170907,6,12,2,ACTIVO,20260609
EST-00100,10416880668,CHUNG GONZALES DYLAN RANDY,CASA HOSPEDAJE LA SANGAPILLA,JR. 16 DE OCTUBRE 114 BARRIO SUCHICHE,220501,22,SAN MARTIN,05,LAMAS,01,LAMAS,269821A52BDB,945995980,WWW.HOSPEDAJESANGAPILLA.COM,CASASANGAPILLA@GMAIL.COM,NO REGISTRADO,NO REGISTRADO,033-2017,20170925,11,21,1.9,ACTIVO,20260609
EST-00101,10100077707,LAY DE PONCE NISSE,CASA HOSPEDAJE QUILLOSISA,JR. SUCRE C3,220501,22,SAN MARTIN,05,LAMAS,01,LAMAS,D10552A8D1AF,975249197,NO REGISTRADO,CASAQUILLOSISA@GMAIL.COM,NO REGISTRADO,NO REGISTRADO,008-2020,20201030,6,12,2,ACTIVO,20260609
EST-00102,10009042119,REATEGUI VDA DE RUIZ ZADITH,ALOJAMIENTO JORALGI,JR. SAN MARTIN 1068 BARRIO LA PLAZA,220501,22,SAN MARTIN,05,LAMAS,01,LAMAS,8729EB1E5B33,42502147,NO REGISTRADO,AJORALGI@HOTMAIL.COM,NO REGISTRADO,NO REGISTRADO,057-2018,20180509,20,46,2.3,ACTIVO,20260609
EST-00103,10279795089,SUAREZ CARHUATANTA LUZMILA,CHAVARRY,JR. MIGUEL GRAU S/N,220502,22,SAN MARTIN,05,LAMAS,02,ALONSO DE ALVARADO,18058947379D,976696053,NO REGISTRADO,NO REGISTRADO,NO REGISTRADO,NO REGISTRADO,052-2018,20180420,10,10,1,ACTIVO,20260609
EST-00104,10337285096,GUIVIN OB DE MAS MARCELINA,HOSPEDAJE FATIMA,AV. CAJAMARCA SUR 723,220804,22,SAN MARTIN,08,RIOJA,04,NUEVA CAJAMARCA,011AEF55DBC9,998993570,NO REGISTRADO,MIMAGUI74@HOTMAIL.COM,NO REGISTRADO,NO REGISTRADO,001-2021,20210924,10,20,2,ACTIVO,20260609
EST-00105,20450216888,J Y J SERVICIOS TURISTICOS Y MULTIPLES E.I.R.L.,HOSPEDAJE NAVARRO,JR. PEDRO DE URZUA 363 BARRIO HUAYCO,220901,22,SAN MARTIN,09,SAN MARTIN,01,TARAPOTO,BD7867CE7676,42583142,NO REGISTRADO,NO REGISTRADO,NO REGISTRADO,NO REGISTRADO,022-2018,20180131,15,26,1.7,ACTIVO,20260609
EST-00106,10165634450,SALDANA SANCHEZ JAIME IVAN,HOSPEDAJE SANTA ROSA,JR. SANTA ROSA 546 BARRIO COMERCIO,220901,22,SAN MARTIN,09,SAN MARTIN,01,TARAPOTO,C304A3F44A86,42520215,NO REGISTRADO,NO REGISTRADO,NO REGISTRADO,NO REGISTRADO,010-2018,20180131,11,15,1.4,ACTIVO,20260609
EST-00107,10404333718,GUERRERO TACURI EMILIO OMAR,HOSPEDAJE SOL TROPICAL,AV. AVIACION 306 BARRIO HUAYCO,220901,22,SAN MARTIN,09,SAN MARTIN,01,TARAPOTO,0ACC4AF788B5,993247325,NO REGISTRADO,NO REGISTRADO,NO REGISTRADO,NO REGISTRADO,021-2018,20180131,21,25,1.2,ACTIVO,20260609
EST-00108,10010621238,MELENDEZ O. SILVIO SUCESION INDIVISA,ALOJAMIENTO MELENDEZ,JR. PEDRO DE URZUA 464,220901,22,SAN MARTIN,09,SAN MARTIN,01,TARAPOTO,DF97B9699255,42532468,NO REGISTRADO,NO REGISTRADO,NO REGISTRADO,NO REGISTRADO,002-2018,20180129,7,12,1.7,ACTIVO,20260609
EST-00109,20572150209,MULTISERVICIOS MARVI E.I.R.L.,AMAZON RIVERS,CALLE LOS LIRIOS 247 BARRIO LOS JARDINES,220901,22,SAN MARTIN,09,SAN MARTIN,01,TARAPOTO,B0E38C1211C8,942924363,NO REGISTRADO,BERLITHFT@HOTMAIL.COM,NO REGISTRADO,NO REGISTRADO,001-2018,20180117,16,32,2,ACTIVO,20260609
EST-00110,10010731581,RIOS MOZOMBITE SEGUNDO ANGEL,ALOJAMIENTO EL AGENTE,JR. LIMA 783,220901,22,SAN MARTIN,09,SAN MARTIN,01,TARAPOTO,EAFA6BF70A39,986758633,NO REGISTRADO,NO REGISTRADO,NO REGISTRADO,NO REGISTRADO,049-2017,20171213,21,42,2,ACTIVO,20260609
EST-00111,10734242875,ZURITA TAFUR ARON JUNIOR,HOSPEDAJE ZURITA,JR. ANDRES AVELINO CACERES 431,220901,22,SAN MARTIN,09,SAN MARTIN,01,TARAPOTO,D1520C12D71B,942617018,NO REGISTRADO,PALMERASTOURS@HOTMAIL.COM,NO REGISTRADO,NO REGISTRADO,048-2017,20171213,15,30,2,ACTIVO,20260609
EST-00112,20601423031,SAUCE INN FATIMA CAMILA E.I.R.L.,RESIDENCIAL SAUCE INN FATIMA CAMILA,JR. SAN MARTIN 127,220901,22,SAN MARTIN,09,SAN MARTIN,01,TARAPOTO,9D45116389FC,942889047,WWW.FATIMACAMILA.COM,VENTAS@SAUCEINN.COM,NO REGISTRADO,NO REGISTRADO,040-2017,20171110,19,29,1.5,ACTIVO,20260609
EST-00113,10009493579,GONZALES GUEVARA CIRO,MOTEL CIRO,JR. JIMENEZ PIMENTEL 1083,220901,22,SAN MARTIN,09,SAN MARTIN,01,TARAPOTO,69FEBE08DECC,42583163,NO REGISTRADO,MOTELCIRO13@GMAIL.COM,NO REGISTRADO,NO REGISTRADO,038-2017,20171109,8,16,2,ACTIVO,20260609
EST-00114,20548062722,OPTIMUS TRADING S.A.C.,ALOJAMIENTO BAMBU,JR. MANUELA MOREY 521,220901,22,SAN MARTIN,09,SAN MARTIN,01,TARAPOTO,C3207F0153F4,42584272,NO REGISTRADO,TARAPOTO.BAMBU@GMAIL.COM,NO REGISTRADO,NO REGISTRADO,039-2017,20171109,6,12,2,ACTIVO,20260609
EST-00115,10407446009,SILVA VASQUEZ DALILA,HOSPEDAJE JHUNIOR,JR. MANCO INCA 249 URBANIZACION 9 DE ABRIL,220901,22,SAN MARTIN,09,SAN MARTIN,01,TARAPOTO,0DE088B98A92,42585930,NO REGISTRADO,ALQUILERES.WILDERALARCON@HOTMAIL.COM,NO REGISTRADO,NO REGISTRADO,034-2017,20170929,16,31,1.9,ACTIVO,20260609
EST-00116,10097263651,HUARCA CONDORI LUZ ELVIRA,ALOJAMIENTO AHUASHIYACU,JR. MARTIN DE LA RIVA 240,220901,22,SAN MARTIN,09,SAN MARTIN,01,TARAPOTO,C5256C4EC11C,942693654,WWW.ALOJAMIENTOAHUASHIYACU.COM,RESERVASAHUASHIYACU@GMAIL.COM,NO REGISTRADO,NO REGISTRADO,024-2017,20170711,16,26,1.6,ACTIVO,20260609
EST-00117,10010740351,REATEGUI SORIA MARIA VICENTA,HOSPEDAJE VILUZ,JR. CABO A. LEVEAU 340 BARRIO COMERCIO,220901,22,SAN MARTIN,09,SAN MARTIN,01,TARAPOTO,277877C21F42,425252,NO REGISTRADO,NO REGISTRADO,NO REGISTRADO,NO REGISTRADO,017-2017,20170502,20,37,1.8,ACTIVO,20260609
EST-00118,10011280604,GELACIO CACHAY JOSE FERNANDO,HOSPEDAJE VISTA VERDE,JR. RAMON CASTILLA 930,220901,22,SAN MARTIN,09,SAN MARTIN,01,TARAPOTO,AB79EA1EC691,942847330,NO REGISTRADO,HOSTALVISTAVERDE@HOTMAIL.COM,NO REGISTRADO,NO REGISTRADO,016-2017,20170426,14,19,1.4,ACTIVO,20260609
EST-00119,20494004110,CASANOVA GRUPPO E.I.R.L.,POSADA FLOR DEL VALLE,JR. NICOLAS DE PIEROLA 578 BARRIO COMERCIO,220901,22,SAN MARTIN,09,SAN MARTIN,01,TARAPOTO,F3B87E33A1D7,943886961,NO REGISTRADO,CASANOVA.GRUPPO.EIRL@GMAIL.COM,NO REGISTRADO,NO REGISTRADO,014-2017,20170327,10,15,1.5,ACTIVO,20260609
EST-00120,10010614703,BARTRA GARDINI ROLANDO,HOSPEDAJE ROLANDO,JR. AUGUSTO B. LEGUIA 225,220901,22,SAN MARTIN,09,SAN MARTIN,01,TARAPOTO,76C1AE321312,975531067,NO REGISTRADO,NO REGISTRADO,NO REGISTRADO,NO REGISTRADO,013-2017,20170314,30,32,1.1,ACTIVO,20260609
EST-00121,10063720530,BARDALEZ LINAREZ JORGE WILLIAM,ALOJAMIENTO GRAU,JR. GRAU 243 BARRIO PARTIDO ALTO,220901,22,SAN MARTIN,09,SAN MARTIN,01,TARAPOTO,CC6B827C42E1,42523777,NO REGISTRADO,SANCHEZDIAZALBERTO05@GMAIL.COM,NO REGISTRADO,NO REGISTRADO,009-2017,20170306,12,23,1.9,ACTIVO,20260609
EST-00122,10011322650,TRIGOSO FLORES SELMITH,ALOJAMIENTO LOS GIRASOLES II,JR. RAMON CASTILLA 1098,220901,22,SAN MARTIN,09,SAN MARTIN,01,TARAPOTO,54351958E955,999842169,NO REGISTRADO,NO REGISTRADO,NO REGISTRADO,NO REGISTRADO,007-2017,20170209,20,40,2,ACTIVO,20260609
EST-00123,10009312752,ARELLANO PISCO JUDITH,SACHAHUASCA BACKPACKER,JR. SINCHI ROCA 256 URBANIZACION 9 DE ABRIL,220901,22,SAN MARTIN,09,SAN MARTIN,01,TARAPOTO,408A0BA8F910,955963112,NO REGISTRADO,SACHAHUASCABP@GMAIL.COM,NO REGISTRADO,NO REGISTRADO,003-2017,20170118,6,12,2,ACTIVO,20260609
EST-00124,20600906942,HOSTAL RENZO E.I.R.L.,HOSPEDAJE RENZO,JR. JIMENEZ PIMENTEL 1066 BARRIO HUAYCO,220901,22,SAN MARTIN,09,SAN MARTIN,01,TARAPOTO,D65C11B75890,969144844,WWW.HOSPEDAJERENZO.COM,HOSPEDAJE.RENZO2016@GMAIL.COM,NO REGISTRADO,NO REGISTRADO,003-2016,20160125,12,18,1.5,ACTIVO,20260609
EST-00125,10011467852,GARCIA GARCIA ALFONSO ENRIQUE,ALOJAMIENTO GRAN PAJATEN,JR. TAHUANTISUYO 167 BARRIO COMERCIO,220901,22,SAN MARTIN,09,SAN MARTIN,01,TARAPOTO,1F7EDD6413E7,42522532,NO REGISTRADO,FORESTAL_1388@HOTMAIL.COM,NO REGISTRADO,NO REGISTRADO,176-2012,20121127,27,42,1.6,ACTIVO,20260609
EST-00126,20543667448,SERVICIOS TECNICOS Y COMERCIALES DEL PANAMA E.I.R.L. - SERVIPANAMA E.I R.L.,NO REGISTRADO,JR. ALFONSO UGARTE 1120 BARRIO LOS JARDINES,220901,22,SAN MARTIN,09,SAN MARTIN,01,TARAPOTO,BC4EB7560F98,950548906,NO REGISTRADO,IVAN_BRC87@HOTMAIL.COM,NO REGISTRADO,NO REGISTRADO,005-2016,20160823,14,29,2.1,ACTIVO,20260609
EST-00127,20488083016,BOUTIQUE ELEN LA CASA DE LAS NOVIAS E.I.R.L.,HOSPEDAJE LA NOVIA,JR. LIMA 898 BARRIO COMERCIO,220901,22,SAN MARTIN,09,SAN MARTIN,01,TARAPOTO,95A8773C794E,975731267,NO REGISTRADO,LANOVIA_OFICIAL@HOTMAIL.COM,NO REGISTRADO,NO REGISTRADO,116-2016,20161215,55,55,1,ACTIVO,20260609
EST-00128,10165634450,SALDANA SANCHEZ JAIME IVAN,IMPERIO,AV. VIA DE EVITAMIENTO 612 BARRIO HUAYCO,220901,22,SAN MARTIN,09,SAN MARTIN,01,TARAPOTO,C304A3F44A86,943603387,NO REGISTRADO,LUGUI1604@GMAIL.COM,NO REGISTRADO,NO REGISTRADO,086-2017,20170628,18,27,1.5,ACTIVO,20260609
EST-00129,20494001951,CONSORCIO TURISTICO MARY E.I.R.L.,HOSPEDAJE MARY,JR. LOS LIRIOS S/N BARRIO LOS JARDINES,220901,22,SAN MARTIN,09,SAN MARTIN,01,TARAPOTO,82C682C47422,42525261,NO REGISTRADO,RASMABEL24@HOTMAIL.COM,NO REGISTRADO,NO REGISTRADO,103-2015,20150622,22,44,2,ACTIVO,20260609
EST-00130,20608500678,APU SAMAY E.I.R.L.,APU SAMAY EIRL,JR. LA UNION S/N,220909,22,SAN MARTIN,09,SAN MARTIN,09,LA BANDA DE SHILCAYO,A2EA0986E8EB,982033896,WWW.APUSAMAY.COM,APUSAMAY.HOSPEDAJE@GMAIL.COM,NO REGISTRADO,NO REGISTRADO,003-2024,20240322,7,14,2,ACTIVO,20260609
EST-00131,10401934729,CHUQUIZUTA VALQUI JARIB,ALOJAMIENTO SELVA DEL SOL II,JR. FAUSTINO MALDONADO 581,220801,22,SAN MARTIN,08,RIOJA,01,RIOJA,81B6DB5CE5C1,999999999,NO REGISTRADO,JARIB321@HOTMAIL.COM,NO REGISTRADO,NO REGISTRADO,001-2016,20160217,18,18,1,ACTIVO,20260609
EST-00132,20600763661,IMPERIO CLUB HOSPEDAJE S.A.C.,IMPERIO HOSPEDAJE CLUB DISCO,PRLG LIBERTAD 206,220101,22,SAN MARTIN,01,MOYOBAMBA,01,MOYOBAMBA,EC45818A31B1,42342674,NO REGISTRADO,EXPOMUEBLES_SONIACLARA@HOTMAIL.COM,NO REGISTRADO,NO REGISTRADO,001-2017,20170425,15,15,1,ACTIVO,20260609
EST-00133,20610009337,MEGA AVENTURA E.I.R.L.,HOSPEDAJE ABISEO,JR. EDUARDO PENA MEZA 492,220601,22,SAN MARTIN,06,MARISCAL CACERES,01,JUANJUI,D690BD50CE50,942021979,W.W.W//HOSPEDAJEABISEO.COM/,HOSPEDAJEABISEO@GMAIL.COM,NO REGISTRADO,NO REGISTRADO,009-2023,20230515,30,60,2,ACTIVO,20260609
EST-00134,10198134371,VILLAVICENCIO ZUASNABAR LUIS ALBERTO,ZARAGOZA VILLA HOSPEDAJE,JR. INDEPENDENCIA 660,220101,22,SAN MARTIN,01,MOYOBAMBA,01,MOYOBAMBA,5E58AD34C6A4,949508233,NO REGISTRADO,ZARAGOZAVILLAHOSPEDAJE@GMAIL.COM,NO REGISTRADO,NO REGISTRADO,001-2018,20180305,8,8,1,ACTIVO,20260609
EST-00135,20603107439,CORPORACION TURISTICA UCHURCO S.A.C.,VILLA LU AMAZON LODGE,PRLG ALERTA KM.03,220909,22,SAN MARTIN,09,SAN MARTIN,09,LA BANDA DE SHILCAYO,3E46BD2F9751,999907053,WWW.VILLALUAMAZONLODGE.COM,CORP.TURISTICA.UCHURCO@GMAIL.COM,NO REGISTRADO,NO REGISTRADO,008-2023,20230515,12,32,2.7,ACTIVO,20260609
EST-00136,20602192203,SUMAJ LAGOON LODGE E.I.R.L.,SUMAJ LAGOON LODGE,JR. SECTOR TUCUNA S/N,220913,22,SAN MARTIN,09,SAN MARTIN,13,SAUCE,55AA52EE1E00,937538542,NO REGISTRADO,SUMAJRESERVAS@GMAIL.COM,NO REGISTRADO,NO REGISTRADO,006-2023,20230508,16,34,2.1,ACTIVO,20260609
EST-00137,20607468568,INVERSIONES MIAMI TARAPOTO S.A.C.,LA POSADA LODGE,JR. ORIENTAL 175,220910,22,SAN MARTIN,09,SAN MARTIN,10,MORALES,B1A648712B1E,993122673,NO REGISTRADO,RESERVASPOSADALODGE@GMAIL.COM,NO REGISTRADO,NO REGISTRADO,007-2023,20230508,34,75,2.2,ACTIVO,20260609
EST-00138,20605234322,KANTU GARDEN LODGE S.A.C.,KANTU GARDEN LODGE,JR. EDMUNDO DEL AGUILA S/N,220101,22,SAN MARTIN,01,MOYOBAMBA,01,MOYOBAMBA,82A54BD3A8FB,42351777,WWW.KUNTULODGE.COM,KANTULODGE@GMAIL.COM,NO REGISTRADO,NO REGISTRADO,002-2021,20211221,16,17,1.1,ACTIVO,20260609
EST-00139,10442844815,ALVARADO LINAREZ FREDY,ALOJAMIENTO MORALES SUITE,JR. SAN MARTIN 540,220910,22,SAN MARTIN,09,SAN MARTIN,10,MORALES,B8DFDBB42949,999218980,NO REGISTRADO,FREDGAEN@HOTMAIL.COM,NO REGISTRADO,NO REGISTRADO,011-2023,20230615,20,40,2,ACTIVO,20260609
EST-00140,10436042961,REINA CABRERA LOURDES,CASA HOSPEDAJE EL PORTON,JR. SAN MARTIN 449,220101,22,SAN MARTIN,01,MOYOBAMBA,01,MOYOBAMBA,5D70D7EF033B,42562900,NO REGISTRADO,CASAHOSPEDAJEELPORTON@YAHOO.COM.PE,NO REGISTRADO,NO REGISTRADO,001-2015,20150827,15,18,1.2,ACTIVO,20260609
EST-00141,10008374410,ESPINOZA ALVINO NERI FELIPA,HOSPEDAJE CELIS,JR. CALLAO 845,220101,22,SAN MARTIN,01,MOYOBAMBA,01,MOYOBAMBA,32FC07EE64C8,42562457,NO REGISTRADO,NERIESPINOZA@GMAIL.COM,NO REGISTRADO,NO REGISTRADO,003-2016,20160505,29,29,1,ACTIVO,20260609
EST-00142,20602752888,WAQANKI ECOLODGE S.A.C.,WAQANKI ECOLODGE S.A.C,CAR. BANOS TERMALES S/N,220101,22,SAN MARTIN,01,MOYOBAMBA,01,MOYOBAMBA,7D600B6ECA47,964785853,NO REGISTRADO,WAQANKIRESERVAS@HOTMAIL.COM,NO REGISTRADO,NO REGISTRADO,002-2018,20180309,10,15,1.5,ACTIVO,20260609
EST-00143,20603972164,INVERSIONES KILLAPURA S.A.C.,HOSPEDAJE COUNTRY CLUB ECO,JR. MANUEL DEL AGUILA 667 1,220101,22,SAN MARTIN,01,MOYOBAMBA,01,MOYOBAMBA,94D481FAC43C,423525,WWW.COUNTRYCLUBECO.COM,RESCAJADILLO@COUNTRYCLUBECO.COM,NO REGISTRADO,NO REGISTRADO,-2021,20201013,16,22,1.4,ACTIVO,20260609
EST-00144,20606146931,NATLIFE E.I.R.L.,WAYLLA ECO REFUGIO,CAR. PACCHILLA KM.2.5 SECTOR ATUN RUMI,220903,22,SAN MARTIN,09,SAN MARTIN,03,CACATACHI,4D8B5AB56283,918858232,WWW.WAYLLA.COM.PE,WAYLLAECOREFUGIO@GMAIL.COM,NO REGISTRADO,NO REGISTRADO,010-2023,20230517,6,24,4,ACTIVO,20260609
EST-00145,10008283686,BARBARAN YOMONA DOLITA,ORQUIDEAS ALOJAMIENTO FAMILIAR,JR. CIRO ALEGRIA 319,220910,22,SAN MARTIN,09,SAN MARTIN,10,MORALES,B60BF688A057,942939898,NO REGISTRADO,BARBARAN04@HOTMAIL.COM,NO REGISTRADO,NO REGISTRADO,004-2023,20230417,12,23,1.9,ACTIVO,20260609
EST-00146,10078703011,TINEO SANGUINETTI GABRIELA,INDANO ART LODGE,JR. SANTIAGO TAPULLIMA B12,220501,22,SAN MARTIN,05,LAMAS,01,LAMAS,E7D9999D8A8F,997931141,WWW.INDANOLODGE.ART,GABRIELATINEO@GMAIL.COM,NO REGISTRADO,NO REGISTRADO,005-2023,20230502,6,12,2,ACTIVO,20260609
EST-00147,20605339159,PERU AMA - NATURE E.I.R.L.,CASA DE PALOS BOUTIQUE,JR. LEONCIO PRADO 155,220901,22,SAN MARTIN,09,SAN MARTIN,01,TARAPOTO,BFA21D5C61F5,948575678,NO REGISTRADO,CASADEPALOSBOUTIQUE@GMAIL.COM,NO REGISTRADO,NO REGISTRADO,003-2023,20230328,13,23,1.8,ACTIVO,20260609
EST-00148,20609741962,CORPORACION TURISTICA FANDA S.R.L.,FANDA,JR. RAMIREZ HURTADO 134,220913,22,SAN MARTIN,09,SAN MARTIN,13,SAUCE,C2CAFC779015,971336005,WWW.FANDA.PE,RESERVAS@FANDA.PE,NO REGISTRADO,NO REGISTRADO,011-2022,20221102,8,16,2,ACTIVO,20260609
EST-00149,20609787245,INVERSIONES & SERVICIOS AMAZON TERRA E.I.R.L.,MUYUTERRA CASA HOSPEDAJE,JR. DEL MAYO 345,220101,22,SAN MARTIN,01,MOYOBAMBA,01,MOYOBAMBA,0EB665168297,931872706,HTTPS:/MUYUTERRAHOSPEDAJE.COM,MUYUTERRAHOSPEDAJE@GMAIL.COM,NO REGISTRADO,NO REGISTRADO,13,20221206,8,8,1,ACTIVO,20260609
EST-00150,10011139154,USHINAHUA VELA DE GARATE LUZ LILI,ALOJAMIENTO LA PREVIA,JR. TARAPOTO TARAPOTO,220702,22,SAN MARTIN,07,PICOTA,02,BUENOS AIRES,C4D88B7825B5,921193480,NO REGISTRADO,NO REGISTRADO,NO REGISTRADO,NO REGISTRADO,002-2022,20220427,10,20,2,ACTIVO,20260609
EST-00151,20494144043,PAZ ECOLUX S.A.C.,SHIMIYACU AMAZON LODGE,PRLG ALERTA LA BANDA DE SHILCAYO,220909,22,SAN MARTIN,09,SAN MARTIN,09,LA BANDA DE SHILCAYO,EBD147913C96,966609151,WWW.SHIMIYACULODGETARAPOTO.COM,SHIMIYACU@HOTMAIL.COM,NO REGISTRADO,NO REGISTRADO,NO REGISTRADO,20990101,6,12,2,ACTIVO,20260609
EST-00152,20601801095,RODRI ORTIZ S.A.C.,HOSPEDAJE SANTA ROSA DE CUMBAZA,JR. CUZCO 160 TARAPOTO,220901,22,SAN MARTIN,09,SAN MARTIN,01,TARAPOTO,8CF073FB326D,999228181,NO REGISTRADO,RODRIGUEZGEORGE578@GMAIL.COM,NO REGISTRADO,NO REGISTRADO,NO REGISTRADO,20990101,13,26,2,ACTIVO,20260609
EST-00153,10011065029,TORRES VILLACORTA MARDEN ANGEL,HOSPEDAJE ROSA VICTORIA,JR. SANTA INES 138 TARAPOTO,220901,22,SAN MARTIN,09,SAN MARTIN,01,TARAPOTO,88965C521D0F,42520646,NO REGISTRADO,HOSPEDAJEROSAVICTORIA@HOTMAIL.COM,NO REGISTRADO,NO REGISTRADO,NO REGISTRADO,20990101,7,12,1.7,ACTIVO,20260609
EST-00154,10424189222,GARCIA PEREZ ELVIS,HOSPEDAJE TARAPOTO PLAZA,JR. ALFONSO UGARTE 253 TARAPOTO,220901,22,SAN MARTIN,09,SAN MARTIN,01,TARAPOTO,6F40A72B52A6,951623325,NO REGISTRADO,ELVIS_330@HOTMAIL.COM,NO REGISTRADO,NO REGISTRADO,NO REGISTRADO,20990101,15,30,2,ACTIVO,20260609
EST-00155,10444961428,NAVARRO SANTA MARIA RUBI ELISA,ALOJAMIENTO FIORELLA,JR. JIMENEZ PIMENTEL 326 TARAPOTO,220901,22,SAN MARTIN,09,SAN MARTIN,01,TARAPOTO,9424D765E20A,999999999,NO REGISTRADO,NO REGISTRADO,NO REGISTRADO,NO REGISTRADO,NO REGISTRADO,20990101,15,19,1.3,ACTIVO,20260609
EST-00156,20493925670,CRISTINA MENDOZA E.I.R.L,HOSPEDAJE CENTRIKA,JR. MANUELA MOREY 233 TARAPOTO,220901,22,SAN MARTIN,09,SAN MARTIN,01,TARAPOTO,61CA052A4CAA,42530977,NO REGISTRADO,CENTRIKATARAPOTO@GMAIL.COM,NO REGISTRADO,NO REGISTRADO,NO REGISTRADO,20990101,11,24,2.2,ACTIVO,20260609
EST-00157,10011436213,GARCIA FLORES RUSBER,HOSPEDAJE EL ESTERO,JR. ORELLANA 135 TARAPOTO,220901,22,SAN MARTIN,09,SAN MARTIN,01,TARAPOTO,9CF68A2472D6,42590391,NO REGISTRADO,NO REGISTRADO,NO REGISTRADO,NO REGISTRADO,NO REGISTRADO,20990101,14,28,2,ACTIVO,20260609
EST-00158,20602971946,INVERSIONES RANA S.A.C.,BOSQUE GUARDIA LODGE,CAR. TARAPOTO - YURIMAGUAS KM 27.9 VALLE DEL TIRACO,220909,22,SAN MARTIN,09,SAN MARTIN,09,LA BANDA DE SHILCAYO,D4A5D8C7D6E6,931426520,WWW.BOSQUEGUARDIAN.COM,ADMINISTRACIONLODGE@BOSQUEGUARDIAN.COM,NO REGISTRADO,NO REGISTRADO,003-2022,20220513,12,24,2,ACTIVO,20260609
EST-00159,17429473420,DOMENECH CASTILLO AYBE MARIANA,TINKU MULTIESPACIO,JR. MANUEL MOREY 505 TARAPOTO,220901,22,SAN MARTIN,09,SAN MARTIN,01,TARAPOTO,3F9B3390D176,42782437,NO REGISTRADO,AYBEDOMENECH@GMAIL.COM,NO REGISTRADO,NO REGISTRADO,CONSTANCIA N°006-2022-GRSM-DIRCETUR-SM,20220623,6,14,2.3,ACTIVO,20260609
EST-00160,20494123712,PANGEA CONSULTORES Y ASESORES SOCIEDAD ANONIMA CERRADA,LA CASA DE ARRIBA,CAR. BANOS TERMALES,220101,22,SAN MARTIN,01,MOYOBAMBA,01,MOYOBAMBA,8A7A0B461423,942699974,NO REGISTRADO,INFO@PANGEACONSULTORES.PE,NO REGISTRADO,NO REGISTRADO,9,20220704,6,6,1,ACTIVO,20260609
EST-00161,10167234815,QUINONES BECERRA ALDO RONAL,HOSPEDAJE BACHIG,JR. INDEPENDENCIA 709 MOYOBAMBA,220101,22,SAN MARTIN,01,MOYOBAMBA,01,MOYOBAMBA,067B09396BB3,42351204,WWW.BACHIG.COM,HBACHIG@GMAIL.COM,NO REGISTRADO,NO REGISTRADO,010-2022,20220714,6,6,1,ACTIVO,20260609
EST-00162,10008329660,GONZALEZ YLLATOPA AURISTELA,HOSPEDAJE PALO BLANCO,JR. LOS JAZMINES - URBANIZACION SANTA CLOTILDE S/N MOYOBAMBA,220101,22,SAN MARTIN,01,MOYOBAMBA,01,MOYOBAMBA,93ED80655184,42350608,NO REGISTRADO,HOSPEDAJEPALOBLANCO@GMAIL.COM,NO REGISTRADO,NO REGISTRADO,007-2022,20220701,8,8,1,ACTIVO,20260609
EST-00163,20608395483,CORPORACION CABRERA S.A.C.,FINCA DON PEPITO,JR. 20 DE ABRIL 826 SECTOR TINGANA,220101,22,SAN MARTIN,01,MOYOBAMBA,01,MOYOBAMBA,7138E2748369,952042219,WWW.FINCADONPEPITO.COM,FINCADONPEPITO@GMAIL.COM,NO REGISTRADO,NO REGISTRADO,004-2022,20220527,7,7,1,ACTIVO,20260609
EST-00164,10010350013,VELA ALVA GREGORIO,RESIDENCIAL ROCIO,JR. ALMIRANTE GRAU 740 RIOJA,220801,22,SAN MARTIN,08,RIOJA,01,RIOJA,82D913543667,942047728,NO REGISTRADO,ANITAVELA21@GMAIL.COM,NO REGISTRADO,NO REGISTRADO,005-2022,20220602,33,33,1,ACTIVO,20260609
EST-00165,20572189679,PERU TRES NORTES S.A.C,PUMA RINRI AMAZON LODGE,A CHAZUTA KM 16.5,220914,22,SAN MARTIN,09,SAN MARTIN,14,SHAPAJA,5B547E4D8A31,526694,WWW.PUMARINRI.COM,LDALMAU@PERUTRESNORTES.COM,ALBERGUE,SIN CATEGORIA,089.22.09.01,20160109,14,40,2.9,ACTIVO,20260609
EST-00166,20542271168,INVERSIONES FRIENDS S.A.C,ALBERGUE EL TUITY,INCA GARCILAZO DE LA VEGA 408,220501,22,SAN MARTIN,05,LAMAS,01,LAMAS,0573385CBD25,917016324,NO REGISTRADO,ALANGLENCORALLOZANO@YAHOO.COM,ALBERGUE,SIN CATEGORIA,144-22.09.01,20200412,12,24,2,ACTIVO,20260609
EST-00167,20572267815,CORPORACION TURISTICA HOTELERA SOYUX S.R.L,SUYOX TARAPOTO HOTEL,AUGUSTO B. LEGUIA 604,220901,22,SAN MARTIN,09,SAN MARTIN,01,TARAPOTO,222DF83453AD,521662,NO REGISTRADO,NO REGISTRADO,HOTEL,1 ESTRELLA,138-22.09.01,20201026,20,31,1.6,ACTIVO,20260609
EST-00168,20450379914,TARAPOTO HOTEL & SUITES SAC,TARAPOTO HOTEL & SUITES,JIMENEZ PIMENTEL 1215,220901,22,SAN MARTIN,09,SAN MARTIN,01,TARAPOTO,8E31C63B6166,528080,WWW.HOTELYSUITES.COM.PE,TARAPOTO@HOTELYSUITES.COM.PE,HOTEL,1 ESTRELLA,082.22.09.01,20160526,20,38,1.9,ACTIVO,20260609
EST-00169,20602307183,CORPORACION TURISTICA LAS HAMACAS S.A.C.,LAS HAMACAS HOTEL,HUALLAGA 636,220913,22,SAN MARTIN,09,SAN MARTIN,13,SAUCE,C77456C332A5,915229358,HTTP://WWW.LASHAMACASHOTELSAUCE.COM/,LASHAMACASHOTEL.SAUCE@GMAIL.COM,HOTEL,3 ESTRELLAS,149-22.09.01,20210215,30,70,2.3,ACTIVO,20260609
EST-00170,10011171261,RAMIREZ ARRARTE ILIANDYA,ALOJAMIENTO LA SIESTA,PROGRESO 468,220901,22,SAN MARTIN,09,SAN MARTIN,01,TARAPOTO,BFFA28C7B283,972514440,NO REGISTRADO,LASIESTA.TARAPOTO@GMAIL.COM,ALBERGUE,SIN CATEGORIA,CERTIFICADO N° 005-2026-GRSM-DIRCETUR-SM,20260303,26,45,1.7,ACTIVO,20260609
EST-00171,20613202707,CASA HOSPEDAJE LOS HELECHOS PARTIDO ALTO TARAPOTO E.I.R.L.,CASA HOSPEDAJE LOS HELECHOS,MIGUEL GRAU 1180,220901,22,SAN MARTIN,09,SAN MARTIN,01,TARAPOTO,923631966B78,978406873,NO REGISTRADO,LIBECHITA10@GMAIL.COM,ALBERGUE,SIN CATEGORIA,CERTIFICADO N° 004-2026-GRSM-DIRCETUR-SM,20260227,9,18,2,ACTIVO,20260609
EST-00172,10751098541,AGUILAR RODRIGUEZ WEMPER OLIMAN,HOSPEDAJE SHAPAJA,SHAPAJA 233 BARRIO HUAYCO,220901,22,SAN MARTIN,09,SAN MARTIN,01,TARAPOTO,C20F927FB627,938975506,NO REGISTRADO,AGUILARWEMPER@GMAIL.COM,ALBERGUE,SIN CATEGORIA,CERTIFICADO N° 003-2026-GRSM-DIRCETUR-SM,20260217,10,20,2,ACTIVO,20260609
EST-00173,20606816261,ESKAMI GROUP E.I.R.L.,COSTA AZUL,AHUASHIYACU 491,220909,22,SAN MARTIN,09,SAN MARTIN,09,LA BANDA DE SHILCAYO,9B109F2BAFA4,934911979,NO REGISTRADO,COSTAAZULHOTELTARAPOTO@GMAIL.COM,HOTEL,1 ESTRELLA,145-22.09.1,20201215,20,40,2,ACTIVO,20260609
EST-00174,20227553236,CORPORACION TURISTICA AMAZONICA S A,HOTEL LAGO LINDO BIRD,SAUCE KM 10,220913,22,SAN MARTIN,09,SAN MARTIN,13,SAUCE,B68B3A1F6C48,42524242,WWW.PUERTOPALMERASHOTEL.COM.PE,RECEPCION@PUERTOPALMERAS.COM.PE,HOTEL,3 ESTRELLAS,105.22.09.01,20171112,23,54,2.3,ACTIVO,20260609
EST-00175,10009527236,VASQUEZ PINCHI CESAR LUIS,HOSTERIA 147,JIRON PARAISO 147-149 BARRIO SACHAPUQUIO,220901,22,SAN MARTIN,09,SAN MARTIN,01,TARAPOTO,3966EF2ECB17,959582406,NO REGISTRADO,VASQUEZPINCHICESAR@GMAIL.COM,ALBERGUE,SIN CATEGORIA,CERTIFICADO N°002-2026-GRSM/DIRCETUR-SM,20260128,11,18,1.6,ACTIVO,20260609
EST-00176,20603053321,CORPORACION TURISTICA MARINA S.A.C.,RESIDENCIAL MARINA HOUSE,RICARDO PALMA 544,220909,22,SAN MARTIN,09,SAN MARTIN,09,LA BANDA DE SHILCAYO,ECA972AFF82A,42565519,NO REGISTRADO,NO REGISTRADO,HOSTAL,3 ESTRELLAS,122.22.09.01,20181231,10,20,2,ACTIVO,20260609
EST-00177,20572150209,MULTISERVICIOS MARVI E.I.R.L.,AMAZON RIVERS,LOS LIRIOS 247 BARRIO LOS JARDINES,220901,22,SAN MARTIN,09,SAN MARTIN,01,TARAPOTO,EF2CDE81ADFA,942924363,NO REGISTRADO,AMAZ-HOSTAL2006@HOTMAIL.COM,ALBERGUE,SIN CATEGORIA,CERTIFICADO N°001-2026-GRSM/DIRCETUR-SM,20260120,33,49,1.5,ACTIVO,20260609
EST-00178,20602971946,INVERSIONES RANA S.A.C.,BOSQUE GUARDIAN LODGE,YURIMAGUAS KM 27.9,220909,22,SAN MARTIN,09,SAN MARTIN,09,LA BANDA DE SHILCAYO,152B6EF0A88A,901052452,WWW.BOSQUEGUARDIAN.COM,GERENCIABOSQUEGUARDIANLODGE@GMAIL.COM,ALBERGUE,SIN CATEGORIA,CERTIFICADO N°010-2025-GRSM/DIRCETUR-SM,20251016,11,22,2,ACTIVO,20260609
EST-00179,10008196759,ZABARBURU VILLARREAL FEBRONIA,MI KAMA,CALLAO 783,220101,22,SAN MARTIN,01,MOYOBAMBA,01,MOYOBAMBA,41AA79687F63,942429208,NO REGISTRADO,NO REGISTRADO,ALBERGUE,SIN CATEGORIA,9,20251010,12,15,1.2,ACTIVO,20260609
EST-00180,20607975231,HOTEL LA PALMERA DE ORO E.I.R.L.,HOTEL PALMERA DE ORO,PROGRESO 274 BARRIO HUAYCO,220901,22,SAN MARTIN,09,SAN MARTIN,01,TARAPOTO,F66B6FFD0781,980886853,NO REGISTRADO,LAPALMERADEORO274@GMAIL.COM,HOTEL,2 ESTRELLAS,CERTIFICADO N°002-2025-GRSM/DIRCETUR-SM,20250402,20,40,2,ACTIVO,20260609
EST-00181,20606897856,E & G CAPITAL SOCIEDAD ANONIMA CERRADA,HOSTAL SUENO TROPICAL,ALEGRIA ARIAS DE MOREY 579 BARRIO SUCHICHE,220901,22,SAN MARTIN,09,SAN MARTIN,01,TARAPOTO,6D1823B887ED,927804711,NO REGISTRADO,CAPITALEYG@GMAIL.COM,HOSTAL,2 ESTRELLAS,CERTIFICADO N° 004-2022-GRSM/DIRCETUR-SM,20221103,15,26,1.7,ACTIVO,20260609
EST-00182,20450448746,PLAZA INVEST S.R.L.,HOTEL TARAPOTO INN,JIMENEZ PIMENTEL 115,220901,22,SAN MARTIN,09,SAN MARTIN,01,TARAPOTO,7270B8C906E8,942870738,WWW.HOTELTARAPOTO.COM,ADMIN@HOTELTARAPOTO.COM,HOTEL,1 ESTRELLA,CERTIFICADO N° DE REGISTRO 074.22.09.01,20160125,20,20,1,ACTIVO,20260609
EST-00183,10429040979,CRUZADO COLLAZOS SILVIA,HOTEL LUNA AZUL,MANCO CAPAC 276,220901,22,SAN MARTIN,09,SAN MARTIN,01,TARAPOTO,4DF43AF3B986,991983360,NO REGISTRADO,CRUZADOCOLLAZOSSILVIA@GMAIL.COM,HOTEL,2 ESTRELLAS,CERTIFICADO N°008-2025-GRSM/DIRCETUR-SM,20251107,20,22,1.1,ACTIVO,20260609
EST-00184,20601657369,SUMAJ CASA E.I.R.L.,SUMAJ CASA HOTEL,PUTUMAYO S/N SECTOR TARAPOTILLO CDRA. 6,220901,22,SAN MARTIN,09,SAN MARTIN,01,TARAPOTO,1A3FFC717453,942947011,WWW.VIVESUMAJ.COM,SUMAJRESERVAS@GMAIL.COM,HOTEL,3 ESTRELLAS,097.22.09.01,20170702,20,32,1.6,ACTIVO,20260609
EST-00185,20542345200,PROYECTOS E INVERSIONES TURISTICAS DEL PERU SOCIEDAD ANONIMA CERRADA,BELLA TERRA HOTELES & RESORTS SPA,ARNULFO GARCIA CORDOVA,220913,22,SAN MARTIN,09,SAN MARTIN,13,SAUCE,743A7CC0C96D,972057459,WWW.BELLATERRAHOTELES.COM,RESERVAS@BELLATERRAHOTELES.COM,HOTEL,5 ESTRELLAS,CERTIFICADO N°001-2022-GRSM/DIRCETUR-SM,20220125,50,100,2,ACTIVO,20260609
EST-00186,20572278779,INVERSIONES INMOBILIARIAS TARAPOTO S.A.C.,HOTEL RUSTICA,MARONILLA FILO S/N,220903,22,SAN MARTIN,09,SAN MARTIN,03,CACATACHI,D624FDB70A96,933869193,NO REGISTRADO,TARAPOTOHOTEL@RUSTICA.COM.PE,HOTEL,3 ESTRELLAS,CERTIFICADO N°007-2025-GRSM/DIRCETUR-SM,20250207,20,40,2,ACTIVO,20260609
EST-00187,10010622552,DIAZ MACEDO AMALIA,REAL TARAPOTO,LA MOLINERA 377,220909,22,SAN MARTIN,09,SAN MARTIN,09,LA BANDA DE SHILCAYO,314E4434F8B0,942469734,NO REGISTRADO,HOSPEDAJEREALTARAPOTO@GMAIL.COM,ALBERGUE,SIN CATEGORIA,CERTIFICADO N°006-2025-GRSM/DIRCETUR-SM,20250618,19,37,1.9,ACTIVO,20260609
EST-00188,20612446629,FUNDO JHONY ECOLODGE S.A.C.,FUNDO JHONY ECOLODGE,CENTRO POBLADO METOYACU,220101,22,SAN MARTIN,01,MOYOBAMBA,01,MOYOBAMBA,8B5AAC3BADCB,991256976,WWW.FUNDOJHONY.COM,INFORMES@FUNDOJHONY.COM,ALBERGUE,SIN CATEGORIA,005-2025,20250513,3,6,2,ACTIVO,20260609
EST-00189,20613464957,EL TAMBO DE TARAPOTO E.I.R.L.,EL TAMBO DE TARAPOTO,SAN PABLO DE LA CRUZ 317 BARRIO SUCHICHE,220901,22,SAN MARTIN,09,SAN MARTIN,01,TARAPOTO,D4122B4AF590,959878078,NO REGISTRADO,DANNY161062@GMAIL.COM,HOTEL,2 ESTRELLAS,CERTIFICADO Nº004-2025-GRSM/DIRCETUR-SM,20250331,38,60,1.6,ACTIVO,20260609
EST-00190,20612017868,LA CABANA DEL LAGO & OHARA RESTAURANT S.A.C.,CAMBRIA TARAPOTO HOSTAL,PEDRO DE URZUA 490 BARRIO HUAYCO,220901,22,SAN MARTIN,09,SAN MARTIN,01,TARAPOTO,1EC9B725D7BE,936237657,NO REGISTRADO,PAQUETESTARAPOTO@GMAIL.COM,HOSTAL,2 ESTRELLAS,CERTIFICADO Nº001-2025-GRSM/DIRCETUR-SM,20251001,9,17,1.9,ACTIVO,20260609
EST-00191,20227553236,CORPORACION TURISTICA AMAZONICA S A,PUERTO PALMERAS TARAPOTO HOTEL,MARGINAL SUR KM.03,220909,22,SAN MARTIN,09,SAN MARTIN,09,LA BANDA DE SHILCAYO,51505CFCBA24,984157556,WWW.PUERTOPALMERAS.COM.PE,RECEPCION@PUERTOPALMERAS.COM.PE,HOTEL,3 ESTRELLAS,CERTIFICADO Nº154-2021-GRSM/DIRCETUR-SM-BM,20211025,62,140,2.3,ACTIVO,20260609
EST-00192,20494089352,ROYAL KERKUS SERVICIOS GENERALES S.A.C.,HOTEL ROYAL KERKUS,ALFONSO UGARTE 2157 BARRIO ATUMPAMPA,220901,22,SAN MARTIN,09,SAN MARTIN,01,TARAPOTO,7D0ED0AFF2CE,993855189,WWW.ROYALKERKUSHOTEL.COM,ROYALKERKUSHOTEL@HOTMAIL.COM,HOTEL,2 ESTRELLAS,111-22.09-01,20180124,38,63,1.7,ACTIVO,20260609
EST-00193,20488854896,LAGUNA AZUL SOCIEDAD ANONIMA CERRADA,LAGUNA AZUL,HUALLAGA 656,220913,22,SAN MARTIN,09,SAN MARTIN,13,SAUCE,8C4459F6AB2D,989134961,WWW.LAGUNAAZUL.PE,GERENCIA@LAGUNAAZUL.PE,HOTEL,3 ESTRELLAS,010-2024,20240920,30,45,1.5,ACTIVO,20260609
EST-00194,20612582093,INVERSIONES JVPA S.A.C,SAN MARINO BY FERRE,PERU 210 URBANIZACION LA PLANICIE,220910,22,SAN MARTIN,09,SAN MARTIN,10,MORALES,C39BC7AA9F8E,959507534,NO REGISTRADO,JPELAEZ@HOTELESFERRE.COM,HOTEL,3 ESTRELLAS,011-2024,20241018,32,56,1.8,ACTIVO,20260609
EST-00195,10711944961,CHAVEZ PEREA SILVANA KATHERINE,PACIFICO TARAPOTO HOTEL,GREGORIO DELGADO 158,220901,22,SAN MARTIN,09,SAN MARTIN,01,TARAPOTO,4C8942390D24,927151641,NO REGISTRADO,PACIFICOHOTELTARAPOTO@GMAIL.COM,HOTEL,1 ESTRELLA,008-2024,20241006,24,28,1.2,ACTIVO,20260609
EST-00196,10011235391,FLORES VEGA LEONOR,HOTEL LEITO INN,SAN MIGUEL 144,220909,22,SAN MARTIN,09,SAN MARTIN,09,LA BANDA DE SHILCAYO,F68FAF5B07DC,948461653,WWW.LEITOINNTARAPOTO.COM,INFO@LEITOINNTARAPOTO.COM,HOTEL,2 ESTRELLAS,141-22.09.01,20201026,20,31,1.6,ACTIVO,20260609
EST-00197,20601181178,LA FLORESTA TARAPOTO HOTEL E.I.R.L.,LA FLORESTA TARAPOTO HOSTAL,MARGINAL SUR KM. 3.5,220909,22,SAN MARTIN,09,SAN MARTIN,09,LA BANDA DE SHILCAYO,6A10279750A7,999983628,WWW.LAFLORESTATARAPOTO.COM,RESERVAS@LAFLORESTATARAPOTO.COM,HOSTAL,3 ESTRELLAS,098.22.09.01,20170802,12,20,1.7,ACTIVO,20260609
EST-00198,20136424867,DERRAMA MAGISTERIAL,DM HOTELES TARAPOTO,LAS FLORES 224,220909,22,SAN MARTIN,09,SAN MARTIN,09,LA BANDA DE SHILCAYO,C8D2D848B7A9,42522225,WWW.DMHOTELES.PE,DMTARAPOTO@DMHOTELES.PE,HOTEL,3 ESTRELLAS,096.22.09.01,20170123,37,80,2.2,ACTIVO,20260609
EST-00199,20542282879,HOTEL PLAZA MOYOBAMBA E.I.R.L.,HOTEL PLAZA MOYOBAMBA,SERAFIN FILOMENO 613,220101,22,SAN MARTIN,01,MOYOBAMBA,01,MOYOBAMBA,499872916B51,932566499,NO REGISTRADO,HOTELPLAZAMOYOBAMBA20@GMAIL.COM,HOTEL,3 ESTRELLAS,005-2018,20180827,27,35,1.3,ACTIVO,20260609
EST-00200,20601162831,FERRETERIA BAZAR MAURICIO E.I.R.L.,HOSTAL PRIMAVERA,CAJAMARCA SUR 676,220804,22,SAN MARTIN,08,RIOJA,04,NUEVA CAJAMARCA,083F9D33CF6F,42556277,NO REGISTRADO,NO REGISTRADO,HOSTAL,2 ESTRELLAS,051-2013,20130621,16,29,1.8,ACTIVO,20260609
EST-00201,20602150179,ROTERMAR HOTEL E.I.R.L.,ROTERMAR HOTEL,ALMIRANTE GRAU 484,220101,22,SAN MARTIN,01,MOYOBAMBA,01,MOYOBAMBA,51759125F37E,45351352,NO REGISTRADO,ROTERMARHOTEL@GMAIL.COM,HOTEL,2 ESTRELLAS,005-2019,20190731,20,38,1.9,ACTIVO,20260609
EST-00202,20603661185,SERVICIOS TURISTICOS MURANO HOTEL E.I.R.L.,HOTEL MURANO,PEDRO CANGA 454,220101,22,SAN MARTIN,01,MOYOBAMBA,01,MOYOBAMBA,DF2E9A3327E5,42351448,WWW.HOTELMURANO.PE,GERENCIA@HOTELMURANO.PE,HOTEL,3 ESTRELLAS,001-2020,20200801,20,31,1.6,ACTIVO,20260609
EST-00203,10010484672,VILLOSLADA QUISPE ESTEBAN,HOTEL SAN MIGUEL,CAJAMARCA 185,220804,22,SAN MARTIN,08,RIOJA,04,NUEVA CAJAMARCA,1815BBA5984F,942626804,NO REGISTRADO,MSANMIGUEL@HOTMAIL.COM,HOTEL,2 ESTRELLAS,052-2013,20130731,20,35,1.8,ACTIVO,20260609
EST-00204,20450421627,REPRESENTACIONES Y SERVICIOS TURISTICOS ESPANA S.A.C.,HOTEL ESPANA,PEDRO GOMEZ 783,221001,22,SAN MARTIN,10,TOCACHE,01,TOCACHE,127557A11E89,42551001,NO REGISTRADO,SOTOURS_TOCACHE@HOTMAIL.COM,HOTEL,3 ESTRELLAS,013-2014,20141212,50,71,1.4,ACTIVO,20260609
EST-00205,10167278642,DIAZ MONTEZA ISMAEL,HOTEL CONTINENTAL,CAJAMARCA 287,220804,22,SAN MARTIN,08,RIOJA,04,NUEVA CAJAMARCA,02007107F8A8,949977794,NO REGISTRADO,NANDO090272@HOTMAIL.COM,HOTEL,2 ESTRELLAS,050-2014,20141217,34,60,1.8,ACTIVO,20260609
EST-00206,20450247171,HOTEL RIO MAYO SAC,RIO MAYO MOYOBAMBA HOTEL,PEDRO CANGA 415,220101,22,SAN MARTIN,01,MOYOBAMBA,01,MOYOBAMBA,F443F27AA70D,942472385,WWW.HOTELRIOMAYO.COM,INFORMES@HOTELRIOMAYO.COM,HOTEL,3 ESTRELLAS,006-2019,20190813,20,29,1.4,ACTIVO,20260609
EST-00207,20494043875,SERVICIOS TURISTICOS MONTEVERDE S.A.C.,HOTEL MONTEVERDE,IQUITOS 471,220201,22,SAN MARTIN,02,BELLAVISTA,01,BELLAVISTA,E92D6A54FD9E,974881662,NO REGISTRADO,HOTELMONTEVERDEBELLAVISTA@HOTMAIL.COM,HOTEL,3 ESTRELLAS,003-2016,20160523,33,51,1.5,ACTIVO,20260609
EST-00208,20604440166,SERVICIOS TURISTICOS LOMA VERDE S.A.C.,HOTEL BOUTIQUE PAPAGAYO,JOSE GALVEZ 840,220910,22,SAN MARTIN,09,SAN MARTIN,10,MORALES,B40B89CC9D7C,989161866,WWW.HOTELBOUTIQUEPAPAGAYO.COM,HOTELPAPAGAYO.TARAPOTO@GMAIL.COM,HOTEL,3 ESTRELLAS,156-2021,20210212,20,36,1.8,ACTIVO,20260609
EST-00209,20608609351,JUSAT SELVA S.A.C.,HOTAL ATENCIO,PERU 363,220910,22,SAN MARTIN,09,SAN MARTIN,10,MORALES,B7C40A35618D,962205887,NO REGISTRADO,JVORELLA2519@GMAIL.COM,HOSTAL,1 ESTRELLA,008-2022,20220902,15,17,1.1,ACTIVO,20260609
EST-00210,10416784821,CABALLERO HUACCHA MIRIAM ROSMERY,EL PENTAGONO,GUEPI 167,220910,22,SAN MARTIN,09,SAN MARTIN,10,MORALES,3DCD8AAD5EBD,989592684,WWW.PENTAGONOHOTEL.COM,RECEPCION@PENTAGONOHOTEL.COM,HOTEL,1 ESTRELLA,142.22.09.01,20201030,20,34,1.7,ACTIVO,20260609
EST-00211,20531552602,HOTEL FIRENZE S.A.C.,HOTEL FIRENZE,AVIACION 166,220910,22,SAN MARTIN,09,SAN MARTIN,10,MORALES,A9034FC217B1,917338417,NO REGISTRADO,HOTELFIRENZETARAPOTO@HOTMAIL.COM,HOTEL,2 ESTRELLAS,131.22.09-01,20191231,20,39,2,ACTIVO,20260609
EST-00212,20531481233,CERRO VERDE TARAPOTO HOTEL S.A.C.,CERRO VERDE TARAPOTO HOTEL,AUGUSTO B. LEGUIA 596,220901,22,SAN MARTIN,09,SAN MARTIN,01,TARAPOTO,1A99820EC328,942948880,WWW.HOTELCERROVERDETARAPOTO.COM,CERROVERDETPP@HOTMAIL.COM,HOTEL,3 ESTRELLAS,139-22.09.01,20201026,20,36,1.8,ACTIVO,20260609
EST-00213,10011626845,ALBERCA HUAMAN TEODORO,VICTOR MANUEL,RAMON CASTILLA 266,220901,22,SAN MARTIN,09,SAN MARTIN,01,TARAPOTO,C4A08B1F24FC,942020689,NO REGISTRADO,HOSTALVICTORMANUEL@HOTMAIL.COM,HOSTAL,2 ESTRELLAS,083.22.09.01,20160530,18,31,1.7,ACTIVO,20260609
EST-00214,20542349612,PROYECTOS FRAMA S.A.C.,HOTEL PLAZA MIRADOR,AMARGURA 567,220105,22,SAN MARTIN,01,MOYOBAMBA,05,SORITOR,55D394A05376,968096793,NO REGISTRADO,HOTELPLAZAMIRADOR@HOTMAIL.COM,HOTEL,1 ESTRELLA,012-2014,20141117,20,29,1.4,ACTIVO,20260609
EST-00215,20608136364,MADERA LABRADA S.A.C.,ALBERGUE MADERA LABRADA,SAN FELIPE S/N SECTOR SACHAPUQIO,220901,22,SAN MARTIN,09,SAN MARTIN,01,TARAPOTO,5AC4187CDED2,975464923,WWW.MADERALABRADA.COM,MADERALABRADA@HOTMAIL.COM,ALBERGUE,SIN CATEGORIA,153-2021,20211022,85,207,2.4,ACTIVO,20260609
EST-00216,20605812806,HUINGOS ECO LODGE S.A.C.,HUINGOS ECO LODGE,ALERTA 620 ASENTAMIENTO HUMANO - VILLA SILVESTRE,220901,22,SAN MARTIN,09,SAN MARTIN,01,TARAPOTO,4C7E7CB96937,994862375,WWW.HUINGOSLODGE.COM,RESERVAS@HUINGOSLODGE.COM,ALBERGUE,SIN CATEGORIA,019-2022,20220107,12,21,1.8,ACTIVO,20260609
EST-00217,10180909775,SARAVIA PONCE LUIS ALBERTO,HOTEL RIO DULCE,ANDRES AVELINO CACERES 597 BARRIO COMERCIO,220901,22,SAN MARTIN,09,SAN MARTIN,01,TARAPOTO,621FEEC6493E,980571067,WWW.RIODULCEHOTELTARAPOTO.PE,RESERVAS@RIODULCEHOTELTARAPOTO.PE,HOTEL,2 ESTRELLAS,151-22.09.01,20210207,32,47,1.5,ACTIVO,20260609
EST-00218,20607320986,INVERSIONES SAN JUAN J & G,HOTEL SAN JUAN,MAYNAS 241 BARRIO CERCADO,220901,22,SAN MARTIN,09,SAN MARTIN,01,TARAPOTO,4F8842B96953,932832901,NO REGISTRADO,RESERVAS@HOTELSANJUAN.PE,HOTEL,2 ESTRELLAS,152-22.09.01,20210825,20,35,1.8,ACTIVO,20260609
EST-00219,20601263379,INVERSIONES NIBO MIA S.A.C.,HOSTAL SELVA MIA,CIIRCUNVALACION 219,220901,22,SAN MARTIN,09,SAN MARTIN,01,TARAPOTO,86AF54FA5025,999923977,NO REGISTRADO,HOSPEDAJESELVAMIA@GMAIL.COM,HOSTAL,2 ESTRELLAS,148-22.09.01,20210219,8,13,1.6,ACTIVO,20260609
EST-00220,20600985346,J.L INVERSIONES HOTELERAS E.I.R.L.,HOTEL SAN MARTIN,MARTINEZ DE COMPAGNON 273 BARRIO CERCADO,220901,22,SAN MARTIN,09,SAN MARTIN,01,TARAPOTO,BDC052002F7E,42520147,NO REGISTRADO,HOTEL.SANMARTIN.TPTO@GMAIL.COM,HOTEL,2 ESTRELLAS,147-22.09.01,20210219,45,71,1.6,ACTIVO,20260609
EST-00221,20601236151,CCARPA E.I.R.L.,COLOBRI HOSTAL CASA CAMPESTRE,CUZCO 349 BARRIO HUAYCO A,220901,22,SAN MARTIN,09,SAN MARTIN,01,TARAPOTO,B088FD0661AE,42529951,NO REGISTRADO,HOSTALCOLIBRITPP@GMAIL.COM,HOSTAL,2 ESTRELLAS,129-22.09.01,20191126,8,14,1.8,ACTIVO,20260609
EST-00222,20602455221,INVERSIONES BUBINZANA B & T E.I.R.L.,BUBINZANA MAGICAL LODGE,PROGRESO 680 BARRIO HUAYCO,220901,22,SAN MARTIN,09,SAN MARTIN,01,TARAPOTO,1F53603819DB,996011322,WWW.BUBINZANAMAGICALLODGE.COM,RESERVAS@BUBINZANALODGE.PE,ALBERGUE,SIN CATEGORIA,128-22.09.01,20190306,19,39,2.1,ACTIVO,20260609
EST-00223,20601801095,RODRI ORTIZ S.A.C.,HOSTAL RESIDENCIAL TROPICAL,MARTINEZ DE COMPAGNON 450 BARRIO COMERCIO,220901,22,SAN MARTIN,09,SAN MARTIN,01,TARAPOTO,C5F1A497DDBD,939434422,NO REGISTRADO,JRO86890@GMAIL.COM,HOSTAL,3 ESTRELLAS,127.22.09.01,20190306,25,57,2.3,ACTIVO,20260609
EST-00224,20604051950,PALM HOTEL S.A.C.,PALM HOTEL,SAN PABLO DE LA CRUZ 233 BARRIO CERCADO,220901,22,SAN MARTIN,09,SAN MARTIN,01,TARAPOTO,EAC079426791,42507563,WWW.PALMHOTELTARAPOTO,PALMHOTEL.PERU@GMAIL.COM,HOTEL,2 ESTRELLAS,126-22.09.01,20190605,20,34,1.7,ACTIVO,20260609
EST-00225,20603501439,POSADA DEL ANGEL HOTEL S.A.C.,POSADA DEL ANGEL HOTEL,LAS PALMERAS 299 BARRIO SUCHICHE,220901,22,SAN MARTIN,09,SAN MARTIN,01,TARAPOTO,5FD79B9EF53D,910942062,NO REGISTRADO,VENTAS.POSADADELANGEL.HOTEL@GMAIL.COM,HOTEL,3 ESTRELLAS,123.22.09.01,20190114,21,38,1.8,ACTIVO,20260609
EST-00226,20450438350,CORDILLERA ESCALERA LODGE S.A.C.,CORDILLERA ESCALERA LODGE,ALERTA S/N 1521,220901,22,SAN MARTIN,09,SAN MARTIN,01,TARAPOTO,5C1C972BE7F5,942614850,WWW.CORDILLERAESCALERA.COM,CORDILLERA.ESCALERALODGE@HOTMAIL.COM,ALBERGUE,SIN CATEGORIA,143-22.09.01,20201123,8,22,2.8,ACTIVO,20260609
EST-00227,20600114957,ROSEWOOD HOTELES & RESTAURANTES E.I.R.L,HOSTAL LA POSADA INN,SAN MARTIN 146 BARRIO CERCADO,220901,22,SAN MARTIN,09,SAN MARTIN,01,TARAPOTO,4A07F86E3D81,42522234,NO REGISTRADO,LAPOSADA_INN@HOTMAIL.COM,HOSTAL,2 ESTRELLAS,121-22.09.01,20181212,17,24,1.4,ACTIVO,20260609
EST-00228,10009666261,LLANOS SARMIENTO TEODORO,HOTEL SUI SUI,LIMA 579 BARRIO COMERCIO,220901,22,SAN MARTIN,09,SAN MARTIN,01,TARAPOTO,2588DAAD45A1,992810819,WWW.HOTELSUISUI.COM,HOTELSUISUI@GMAIL.COM,HOTEL,3 ESTRELLAS,117.22.09.01,20180426,54,72,1.3,ACTIVO,20260609
EST-00229,20601485169,CENTRAL Y HOTELERIA TURISMO,CENTRAL HOTEL TARAPOTO,PROGRESO 551 BARRIO HUAYCO,220901,22,SAN MARTIN,09,SAN MARTIN,01,TARAPOTO,0573CF969D42,42583084,NO REGISTRADO,CENTRAL.TARAPOTO.HOTEL@GMAIL.COM,HOTEL,2 ESTRELLAS,114.22.09.01,20180129,26,45,1.7,ACTIVO,20260609
EST-00230,20450403131,CASPI MANTA S.A.C.,HOTEL LA PATARASHCA,SAN PABLO DE LA CRUZ 362 BARRIO SUCHICHE,220901,22,SAN MARTIN,09,SAN MARTIN,01,TARAPOTO,98C3A78654B3,962851887,WWW.LAPATARASHCA.COM,RESERVAS@LAPATASHCA.COM,HOTEL,2 ESTRELLAS,135-22.09.01,20200529,20,42,2.1,ACTIVO,20260609
EST-00231,20600810945,HOSTAL LOS HELECHOS EMPRESA INDIVIDUAL DE RESPONSABILIDAD LIMITADA - HOSTAL LOS HELECHOS E.I.R.L.,HOSTAL LOS HELECHOS,JOSE OLAYA 777 BARRIO HUAYCO,220901,22,SAN MARTIN,09,SAN MARTIN,01,TARAPOTO,8042349BA078,999906355,NO REGISTRADO,LOSHELECHOSHOSTAL@HOTMAIL.COM,HOSTAL,2 ESTRELLAS,094.22.09.01,20160929,16,32,2,ACTIVO,20260609
EST-00232,20450135021,ALOJAMIENTO - AUTOPARTES Y FERRETERIA NOA NOA EIRL.,HOSTAL CORDILLERA AZUL,CIRCUNVALACION 1247 BARRIO LA HOYADA,220901,22,SAN MARTIN,09,SAN MARTIN,01,TARAPOTO,DFC1ED62F6F2,42589442,NO REGISTRADO,CORDILLERAAZUL.HOSTAL@GMAIL.COM,HOSTAL,2 ESTRELLAS,108.22.09.01,20180124,15,33,2.2,ACTIVO,20260609
EST-00233,10011183757,ALAVA RAMIREZ TEDDY,CASA ALBERGUE MAMUT,SAN PEDRO 466 BARRIO PARTIDO ALTO,220901,22,SAN MARTIN,09,SAN MARTIN,01,TARAPOTO,AA031A007B03,982825705,NO REGISTRADO,T-Y-AR-@HOTMAIL.COM,ALBERGUE,SIN CATEGORIA,069.22.09.01,20160121,6,12,2,ACTIVO,20260609
EST-00234,20600127994,PRESTADORA DE SERVICIOS TURISTICOS SELVA REAL SOCIEDAD ANONIMA CERRADA,SELVA REAL HOTEL,REYES GUERRA 533 C-5,220101,22,SAN MARTIN,01,MOYOBAMBA,01,MOYOBAMBA,C41C488B534C,984084472,WWW.HOTELSELVAREAL.COM,SELVAREAL_MOYOHOTEL@HOTMAIL.COM,HOTEL,2 ESTRELLAS,003-2015,20150713,25,35,1.4,ACTIVO,20260609
EST-00235,20602178588,PROYECTA AMASISA S.A.C,HOTEL AMASISA,SERAFIN FILOMENO 297,220101,22,SAN MARTIN,01,MOYOBAMBA,01,MOYOBAMBA,720A9D609A95,42351283,WWW.AMASISAHOTEL.COM.PE,RESERVAS@AMASISAHOTEL.COM.PE,HOTEL,3 ESTRELLAS,001-2019,20190123,20,30,1.5,ACTIVO,20260609
EST-00236,10009547121,CANARIO TELLO LICETH MARLENY,HOSTAL LA CUEVA,ALONSO DE ALVARADO 870,220101,22,SAN MARTIN,01,MOYOBAMBA,01,MOYOBAMBA,7AE31466BA67,942837520,NO REGISTRADO,LICETHCANARIOTELLO@HOTMAIL.COM,HOSTAL,2 ESTRELLAS,002-2016,20160420,18,23,1.3,ACTIVO,20260609
EST-00237,10010433610,RUIZ DE SANTILLAN JERMETH,BORSALINO HOSTAL,SANTO TORIBIO 985,220801,22,SAN MARTIN,08,RIOJA,01,RIOJA,F0D72FCF72E3,42558050,NO REGISTRADO,LSANTILLAN@HOTMAIL.COM,HOSTAL,2 ESTRELLAS,006-2015,20150915,8,12,1.5,ACTIVO,20260609
EST-00238,20602011497,INVERSIONES DEL AGUILA TINEO EMPRESA INDIVIDUAL DE RESPONSABILIDAD LIMITADA,HOSTAL PARAISO WASI,PARAISO 284 BARRIO SACHAPUQUIO,220901,22,SAN MARTIN,09,SAN MARTIN,01,TARAPOTO,E97C9D7C354D,999999999,NO REGISTRADO,PARAISOWASI@GMAIL.COM,HOSTAL,3 ESTRELLAS,101.22.09.01,20170824,12,19,1.6,ACTIVO,20260609
EST-00239,20494113911,SERVICIOS TURISTICOS ATLANTA E.I.R.L.,HOSTAL ATLANTA,ALONSO DE ALVARADO 865,220101,22,SAN MARTIN,01,MOYOBAMBA,01,MOYOBAMBA,FF44DEBB0B5D,42563292,NO REGISTRADO,ATLANTAINN@HOTMAIL.COM,HOSTAL,2 ESTRELLAS,046-2012,20120521,31,69,2.2,ACTIVO,20260609
EST-00240,20494104505,SERVICIOS TURISTICOS MONTE AZUL SOCIEDAD DE RESPONSABILIDAD LIMITADA,HOTEL MONTE AZUL,CAMILA MOREY 156,220901,22,SAN MARTIN,09,SAN MARTIN,01,TARAPOTO,C665F3EBCF55,953958137,WWW.HOTELMONTEAZUL.COM.PE,HMONTEAZUL5@HOTMAIL.COM,HOTEL,2 ESTRELLAS,120.22.09.01,20180628,32,48,1.5,ACTIVO,20260609
EST-00241,10010711954,INDIVISA INDIVISA REATEGUI DE BELDA TERESA,HOTEL SAN ANTONIO,JIMENEZ PIMENTEL 126,220901,22,SAN MARTIN,09,SAN MARTIN,01,TARAPOTO,C3B2A0274188,965966200,WWW.HOTELSANANTONIO.COM.PE,HSATARAPOTO@GMAIL.COM,HOTEL,1 ESTRELLA,140-22.09.01,20201026,22,25,1.1,ACTIVO,20260609
EST-00242,20450478068,HOTEL BOCA RATON E.I.R.L.,HOTEL BOCA RATON,MIGUEL GRAU 151,220901,22,SAN MARTIN,09,SAN MARTIN,01,TARAPOTO,9CB942305CAE,942058250,WWW.BOCARATONTARAPOTO.COM,BOCARATONTARAPOTO@HOTMAIL.COM,HOTEL,2 ESTRELLAS,084.22.09.01,20160806,65,98,1.5,ACTIVO,20260609
EST-00243,20404344707,CORPORACION HOTELERA DEL ORIENTE S.A.C.,HOTEL NILAS,MOYOBAMBA 173,220901,22,SAN MARTIN,09,SAN MARTIN,01,TARAPOTO,C5735719F692,942607395,WWW.HOTELNILAS.COM,RESERVACIONES@HOTELNILAS.COM,HOTEL,3 ESTRELLAS,073.22.09.01,20160125,62,105,1.7,ACTIVO,20260609
EST-00244,10009547121,CANARIO TELLO LICETH MARLENY,CENTRIKA,MANUELA MOREY 233 BARRIO PARTIDO ALTO,220901,22,SAN MARTIN,09,SAN MARTIN,01,TARAPOTO,7AE31466BA67,942837520,NO REGISTRADO,LICETHCANARIOTELLO@GMAIL.COM,HOSTAL,2 ESTRELLAS,013-2022,20220505,11,24,2.2,ACTIVO,20260609
EST-00245,20450332446,INVERSIONES TURISTICAS BUGANVILLA S.A.C.,HOSTAL SOL DE SELVA,PEDRO DE URZUA 161,220901,22,SAN MARTIN,09,SAN MARTIN,01,TARAPOTO,C078FBD4BCC8,991983884,WWW.SOLDESELVAPERU.COM,SOLDESELVA@GMAIL.COM,HOSTAL,2 ESTRELLAS,125.22.09.01,20190904,13,19,1.5,ACTIVO,20260609
EST-00246,10011179512,GUZMAN BARTRA SARA,HOTEL CIELO,SAN MARTIN 334,220901,22,SAN MARTIN,09,SAN MARTIN,01,TARAPOTO,9DC67877673B,986741271,WWW.HOTELCIELO.NET,HOTELCIELO@YAHOO.COM,HOTEL,2 ESTRELLAS,124.22.09.01,20190123,44,83,1.9,ACTIVO,20260609
EST-00247,20531595590,INVERSIONES TURISTICAS CASABLANCA E.I.R.L.,HOSTAL CASABLANCA,ALEGRIA ARIAS DE MOREY 299,220901,22,SAN MARTIN,09,SAN MARTIN,01,TARAPOTO,C9D713675367,942487191,WWW.HOSTALCASABLANCATARAPOTO.COM,CASABLANCACNC@HOTMAIL.COM,HOSTAL,2 ESTRELLAS,099-22.09.01,20170205,9,16,1.8,ACTIVO,20260609
EST-00248,20542238462,RIOSOL HOTELES SOCIEDAD ANONIMA CERRADA,RIOSOL TARAPOTO HOTEL,JIMENEZ PIMENTEL 407 BARRIO HUAYCO,220901,22,SAN MARTIN,09,SAN MARTIN,01,TARAPOTO,8A3498BB5D45,42523154,WWW.RIOSOLHOTELS.COM,RIOSOL_TARAPOTOHOTEL@HOTMAIL.COM,HOTEL,3 ESTRELLAS,CERTIFICADO Nº003-2025-GRSM/DIRCETUR-SM,20250224,44,80,1.8,ACTIVO,20260609
EST-00249,20450158586,UTROPIC S.A.,TUCAN SUITES APART HOTEL,1 DE ABRIL 315,220909,22,SAN MARTIN,09,SAN MARTIN,09,LA BANDA DE SHILCAYO,5B547E4D8A31,999450883,WWW.TUCANSUITES.COM,INFO@TUCANSUITES.COM,APART HOTEL,4 ESTRELLAS,112-22.09-01,20180124,24,48,2,ACTIVO,20260609
EST-00250,20602643604,AMIGOS WASI S.A.C.,CANTO DEL RIO AMAZON LODGE,ESPANA 143 BANDA DE CUMBAZA,220912,22,SAN MARTIN,09,SAN MARTIN,12,SAN ANTONIO,DB1A87A29889,999429222,WWW.LAPATARASHCA.COM,ADMINISTRACION@LAPATARASHCA.COM,HOSTAL,2 ESTRELLAS,007-2024,20240506,10,21,2.1,ACTIVO,20260609
EST-00251,10066693843,PEREZ AMASIFUEN ISRAEL,ALTA VISTA CASA HOTEL,SUCRE 184,220101,22,SAN MARTIN,01,MOYOBAMBA,01,MOYOBAMBA,E00BB2B5D718,42352874,WWW.ALTAVISTACASAHOTEL.COM,ALTAVISTACASAHOTEL@GMAIL.COM,HOTEL,3 ESTRELLAS,001-2018,20180228,20,44,2.2,ACTIVO,20260609
EST-00252,10424140312,LOZADA CHAVEZ EVELYN,HOTEL MARCOANTONIO,PEDRO CANGA 488,220101,22,SAN MARTIN,01,MOYOBAMBA,01,MOYOBAMBA,1B9232053547,979724553,W.W.W.HOTELMARCOANTONIO.COM.PE,RESERVAS@HOTELMARCOANTONIO.COM.PE,HOTEL,3 ESTRELLAS,002-2021,20210514,27,37,1.4,ACTIVO,20260609
EST-00253,20233104818,PUERTO MIRADOR SOCIEDAD ANONIMA,HOTEL PUERTO MIRADOR,SUCRE C-01,220101,22,SAN MARTIN,01,MOYOBAMBA,01,MOYOBAMBA,48F295D60A4F,42562050,WWW.HOTELPUERTOMIRADOR.COM,PMIRADORHOTEL@TERRA.COM.PE,HOTEL,3 ESTRELLAS,010-2014,20140828,34,74,2.2,ACTIVO,20260609
EST-00254,10442844815,ALVARADO LINAREZ FREDY,ALTO MAYO,ALONSO DE ALVARADO 764,220101,22,SAN MARTIN,01,MOYOBAMBA,01,MOYOBAMBA,DBE585DCA850,42561048,NO REGISTRADO,NO REGISTRADO,HOSTAL,2 ESTRELLAS,39,20100721,16,28,1.8,ACTIVO,20260609
EST-00255,10008296907,MENDOZA CUIPAL LUZ JOVITA,ORQUIDEA DEL MAYO,JOSE DE SAN MARTIN 432,220101,22,SAN MARTIN,01,MOYOBAMBA,01,MOYOBAMBA,CC17D83653F3,942848177,NO REGISTRADO,ORQUIDEADELMAYOHOTEL@HOTMAIL.COM,HOTEL,2 ESTRELLAS,003-2023,20230217,20,28,1.4,ACTIVO,20260609
EST-00256,10010351435,TORRES DAVILA CARMENCITA,HOSTAL CALIPSO,LIBERTAD 701,220801,22,SAN MARTIN,08,RIOJA,01,RIOJA,DCFB8B6DC8C0,981232153,NO REGISTRADO,HOSTAL.CALIPSO14@GMAIL.COM,HOSTAL,2 ESTRELLAS,015-2023,20230512,12,14,1.2,ACTIVO,20260609
EST-00257,10403516398,DIAZ LUMBA CARLOS HUMBERTO,GRAN HOTEL HUALLAGA,HUALLAGA 440,220804,22,SAN MARTIN,08,RIOJA,04,NUEVA CAJAMARCA,ED9D6740544E,999999999,NO REGISTRADO,CARLOSHUMBERTODIAZLUMBA@GMAIL.COM,HOTEL,2 ESTRELLAS,004-2016,20160524,22,28,1.3,ACTIVO,20260609
EST-00258,10200761338,LOPEZ LOPEZ ROBERT,HOTEL ARENAS DEL MAYO,PEDRO PASCACIO NORIEGA 723,220101,22,SAN MARTIN,01,MOYOBAMBA,01,MOYOBAMBA,EE7C7EC14818,907126569,NO REGISTRADO,HOTELARENASDELMAYO@HOTMAIL.COM,HOTEL,2 ESTRELLAS,001-2014,20140314,34,46,1.4,ACTIVO,20260609
EST-00259,20531430248,SERVICIOS TURISTICOS CUMBAZA SRL,HOTEL CUMBAZA,JIMENEZ PIMENTEL 610,220901,22,SAN MARTIN,09,SAN MARTIN,01,TARAPOTO,504BB31D9DD0,999999999,WWW.HOTELCUMBAZA.COM,RESERVAS@HOTELCUMBAZA.COM.PE,HOTEL,3 ESTRELLAS,076-2016,20160418,41,72,1.8,ACTIVO,20260609
EST-00260,10011549921,GUERRERO CORREA JANET PAULINA,HOTEL MIRADOR CENTER,BOLOGNESI 224,220804,22,SAN MARTIN,08,RIOJA,04,NUEVA CAJAMARCA,7536725B940F,942883932,NO REGISTRADO,OPECRIOJA@GMAIL.COM,HOTEL,2 ESTRELLAS,001-2017,20170305,39,39,1,ACTIVO,20260609
EST-00261,20450342913,HOTEL ALTOMAYO Y SERVICIOS TURISTICOS E.I.R.L.,HOTEL ALTOMAYO,MICAELA BASTIDAS 403,220804,22,SAN MARTIN,08,RIOJA,04,NUEVA CAJAMARCA,341AEA65DB7C,990900363,NO REGISTRADO,HOTELALTOMAYO@HOTMAIL.COM,HOTEL,2 ESTRELLAS,007-2014,20140406,42,42,1,ACTIVO,20260609
EST-00262,10010529889,VASQUEZ TERAN ALFREDO,HOSTAL MONTE VERDE,CAJAMARCA 765,220804,22,SAN MARTIN,08,RIOJA,04,NUEVA CAJAMARCA,508B4A910309,942195211,NO REGISTRADO,MONTEVERDE_HOSTAL@HOTMAIL.COM,HOSTAL,2 ESTRELLAS,004-2014,20140519,14,21,1.5,ACTIVO,20260609
EST-00263,10010368826,CULQUIMBOZ SANTILLAN MAURO,HOSTAL MACUSA,CAJAMARCA SUR S/N,220804,22,SAN MARTIN,08,RIOJA,04,NUEVA CAJAMARCA,EBD781740374,9179333078,NO REGISTRADO,CULQUIBOZCHUQUITALM@GMAIL.COM,HOSTAL,2 ESTRELLAS,004-2018,20180814,13,22,1.7,ACTIVO,20260609
EST-00264,10011510821,BARBOZA BUSTAMANTE ELADIO,HOTEL ROYAL PLAZA,GRAU 230,220804,22,SAN MARTIN,08,RIOJA,04,NUEVA CAJAMARCA,248C669D5641,42796615,NO REGISTRADO,HOTELROYALPLAZAYBARBOZA@GMAIL.COM,HOTEL,2 ESTRELLAS,053-2013,20130826,21,31,1.5,ACTIVO,20260609
EST-00265,10167934400,PUELLES VERA DE SANCHEZ TERESA BEATRIZ,MATRIX,CAJAMARCA SUR 832,220804,22,SAN MARTIN,08,RIOJA,04,NUEVA CAJAMARCA,F9BAB51C25E8,942953759,NO REGISTRADO,SANCHEZINGENIEROS2014@HOTMAIL.COM,HOSTAL,2 ESTRELLAS,013-2023,20230806,19,23,1.2,ACTIVO,20260609
EST-00266,20494185319,GRAN HOTEL DORADO E.I.R.L.,GRAN HOTEL EL DORADO,CORONEL SECADA 100,220101,22,SAN MARTIN,01,MOYOBAMBA,01,MOYOBAMBA,9704A2604FFA,900146185,HTTPS//GRANHOTELDORADO.COM,GRANHOTELDORADO22@GMAIL.COM,HOTEL,2 ESTRELLAS,003-2019,20190527,20,27,1.4,ACTIVO,20260609
EST-00267,20531430248,SERVICIOS TURISTICOS CUMBAZA SRL,HOTEL RIO CUMBAZA,PEDRO DE URZUA 515,220901,22,SAN MARTIN,09,SAN MARTIN,01,TARAPOTO,504BB31D9DD0,942494348,WWW.RIOCUMBAZAHOTEL.COM,RESERVAS@RIOCUMBAZAHOTEL.COM,HOTEL,3 ESTRELLAS,004-2023,20230223,48,75,1.6,ACTIVO,20260609
EST-00268,20601633966,RIO HOTELS TARAPOTO S.A.C.,HOTEL VUELO 78,JORGE CHAVEZ 1793,220901,22,SAN MARTIN,09,SAN MARTIN,01,TARAPOTO,E472C526E854,941714132,WWW.HOTELVUELO78.COM,VUELO78HOTEL@GMAIL.COM,HOTEL,3 ESTRELLAS,006-2023,20230331,28,50,1.8,ACTIVO,20260609
EST-00269,10009800641,NIKOLOV PINEDO ALEJANDRO,ABISEO AVENTURA PARADISE,ARICA 108,220603,22,SAN MARTIN,06,MARISCAL CACERES,03,HUICUNGO,875DE8AF854D,942656802,WWW.ABISEOAVENTURAPERU.COM,ANIKOLOV1DEL7@HOTMAIL.COM,ALBERGUE,SIN CATEGORIA,006-2016,20160706,6,30,5,ACTIVO,20260609
EST-00270,20542285622,CORPORACION TABE E.I.R.L.,HOTEL SUITES ANTIQUE,IQUITOS 235,220201,22,SAN MARTIN,02,BELLAVISTA,01,BELLAVISTA,A7E86408080E,969154905,NO REGISTRADO,HOTELSUITESANTIQUEBELLAVISTA@HOTMAIL.COM,HOTEL,3 ESTRELLAS,001-2016,20161103,20,25,1.2,ACTIVO,20260609
EST-00271,10476293184,SABOYA MOZOMBITE ROCIO DEL PILAR,SHAPINGO WASI ECO LODGE,FERNANDO BELAUNDE TERRY KILOMETRO 1.2,220101,22,SAN MARTIN,01,MOYOBAMBA,01,MOYOBAMBA,6BC3997C7D43,934953589,WWW.SHAPINGOWASILODGE.COM,SHAPINGOWASIECOLODGE@GMAIL.COM,ALBERGUE,SIN CATEGORIA,015-2022,20220621,9,17,1.9,ACTIVO,20260609
EST-00272,10010451081,FERNANDEZ VARGAS GERARDO,SELVA BELLA HOSTAL,ANGAIZA 1101,220801,22,SAN MARTIN,08,RIOJA,01,RIOJA,D83728CAF0D0,42599834,WWW.SELVABELLAHOSTAL.COM,RESERVACIONES@SELVABELLAHOSTAL.COM,HOSTAL,3 ESTRELLAS,006-2014,20140526,18,29,1.6,ACTIVO,20260609
EST-00273,20493891830,SERVICIOS TURISTICOS DEL ALTO MAYO S.A.C.,RIOJA PLAZA HOTEL,ALMIRANTE GRAU 550 01,220801,22,SAN MARTIN,08,RIOJA,01,RIOJA,8B2F8CF3AB39,952601936,WWW.RIOJAPLAZAHOTEL.COM,RIOJAPLAZAHOTEL79@HOTMAIL.COM,HOTEL,3 ESTRELLAS,001-2015,20220107,36,72,2,ACTIVO,20260609
EST-00274,20450199771,CORPORACION TURISTICA LAS ORQUIDEAS S.A.C,HOTEL ROCIO,GRAU 599,220101,22,SAN MARTIN,01,MOYOBAMBA,01,MOYOBAMBA,C44F9CB7B967,929888293,NO REGISTRADO,HOTELROCIOMOYOBAMBA@HOTMAIL.COM,HOTEL,2 ESTRELLAS,005-2014,20140526,27,32,1.2,ACTIVO,20260609
EST-00275,20488871634,EMP. DE SERVICIOS TURISTICOS RIOJA EIRL,GRAN BOMBONAJE RIOJA HOTEL,FAUSTINO MALDONADO 515,220801,22,SAN MARTIN,08,RIOJA,01,RIOJA,902268377E5C,942663539,WWW.GRANBOMBONAJE.COM.PE,RESERVAS@GRANBOMBONAJE.COM.PE,HOTEL,3 ESTRELLAS,007-2016,20160609,32,50,1.6,ACTIVO,20260609
EST-00276,10003719117,BRITO BAIQUE ROBERTH WILSON,RBB BRITO,PERU 102,220909,22,SAN MARTIN,09,SAN MARTIN,09,LA BANDA DE SHILCAYO,936B7CEADE7D,953712841,WWW.RBBBRITOHOTEL.PE,RESERVAS@RBBBRITOHOTEL.PE,HOTEL,4 ESTRELLAS,014-2023,20230918,54,111,2.1,ACTIVO,20260609
EST-00277,10009900425,PAIMA MENDOZA ROSARIO,ALBERGUE TURISTICO CHARITO,COMUNIDAD SANAMBO SECTOR SANTA ROSA,220604,22,SAN MARTIN,06,MARISCAL CACERES,04,PACHIZA,016305055AF8,927545227,NO REGISTRADO,MADEPI_20@HOTMAIL.COM,ALBERGUE,SIN CATEGORIA,024 - 2022,20221221,6,13,2.2,ACTIVO,20260609
EST-00278,10011550369,ALVARADO SALAZAR CANDELARIA ISIDORA,ANGAIZA,ANGAIZA 1160 RIOJA,220801,22,SAN MARTIN,08,RIOJA,01,RIOJA,1D6B628A16FA,943050191,NO REGISTRADO,CANDY_13AR@HOTMAIL.COM,HOSTAL,2 ESTRELLAS,12,20220323,10,16,1.6,ACTIVO,20260609
EST-00279,20606994690,AROMAZ TRAVEL S.A.C.,AMAZONIC PLAZA,20 DE ABRIL 168 MOYOBAMBA,220101,22,SAN MARTIN,01,MOYOBAMBA,01,MOYOBAMBA,7C5CA3EC54CF,42607690,NO REGISTRADO,HPAMAZONIC@GMAIL.COM,HOTEL,3 ESTRELLAS,14,20220527,40,60,1.5,ACTIVO,20260609
EST-00280,20542318148,INMOBILIARIA E INVERSIONES CUBAS E.I.R.L.,HOTEL CUBAS,SAN LUIS 248 NUEVA CAJAMARCA,220804,22,SAN MARTIN,08,RIOJA,04,NUEVA CAJAMARCA,0881F230CC11,995747139,NO REGISTRADO,CTORRESHANS@GMAIL.COM,HOTEL,2 ESTRELLAS,011-2023,20230519,21,24,1.1,ACTIVO,20260609
